Woonplaats;Woonplaats code;Mutatiedatum WPL;Einddatum WPL;Gemeente;Gemeente code;Ingangsdatum nieuwe gemeente;Gemeente beeindigd per
 't Goy;2054;;;Houten;321;;
 't Haantje;2164;;;Coevorden;109;;
 't Harde;1845;;;Elburg;230;;
 't Loo Oldebroek;3068;;;Oldebroek;269;;
 't Veld;2520;;;Niedorp;412;;01-01-2012
 't Veld;2520;;;Hollands Kroon;1911;01-01-2012;
 't Waar;1895;;;Oldambt;1895;;
 't Zand;2758;;;Zijpe;476;;
1e Exloërmond;1779;;;Borger-Odoorn;1681;;
2e Exloërmond;1780;;;Borger-Odoorn;1681;;
2e Valthermond;1781;;;Borger-Odoorn;1681;;
Aadorp;1925;;;Almelo;141;;
Aagtekerke;2774;;;Veere;717;;
Aalden;2145;;;Coevorden;109;;
Aalsmeer;2571;;;Aalsmeer;358;;
Aalsmeerderbrug;1600;;;Haarlemmermeer;394;;
Aalst;2626;;;Zaltbommel;297;;
Aalsum;3387;;;Dongeradeel;58;;
Aalten;1193;;;Aalten;197;;
Aardenburg;2961;;;Sluis;1714;;
Aarlanderveen;1079;;;Alphen aan den Rijn;484;;
Aarle-Rixtel;1445;;;Laarbeek;1659;;
Aartswoud;2788;;;Opmeer;432;;
Abbega;2400;;;Wymbritseradiel;683;;01-01-2011
Abbega;2400;;;Súdwest Fryslân;1900;01-01-2011;
Abbekerk;3147;;;Medemblik;420;;
Abbenbroek;1385;;;Bernisse;568;;
Abbenes;1608;;;Haarlemmermeer;394;;
Abcoude;1332;;;Abcoude;305;;01-01-2011
Abcoude;1332;;;De Ronde Venen;736;01-01-2011;
Achlum;1364;;;Franekeradeel;70;;
Achterveld;1063;;;Barneveld;203
Achterveld;2640;;;Leusden;327
Achthuizen;2131;;;Oostflakkee;580
Achtmaal;3493;;;Zundert;879
Acquoy;3211;01-06-2010;14-12-2011;Geldermalsen;236
Acquoy;3527;24-11-2011;;Geldermalsen;236
Adorp;2464;;;Winsum;53
Aduard;2114;;;Zuidhorn;56
Aerdenhout;2652;;;Bloemendaal;377
Aerdt;2976;;;Rijnwaarden;196
Afferden;2902;;;Druten;225
Afferden L;1122;;;Bergen (L);893
Agelo;1407;;;Dinkelland;1774
Akersloot;2267;;;Castricum;383
Akkrum;2525;;;Boarnsterhim;55
Akmarijp;2484;;;Skarsterlân;51
Albergen;1283;;;Tubbergen;183;;
Alblasserdam;2386;;;Alblasserdam;482;;
Alde Leie;3224;;;Leeuwarderadeel;81;;
Aldeboarn;2532;;;Boarnsterhim;55;;
Aldtsjerk;2441;;;Tytsjerksteradiel;737;;
Alem;1623;;;Maasdriel;263;;
Alkmaar;2348;;;Alkmaar;361;;
Allingawier;2301;;;Wûnseradiel;710;;01-01-2011
Allingawier;2301;;;Súdwest Fryslân;1900;01-01-2011;
Almelo;1924;;;Almelo;141;;
Almen;1334;;;Lochem;262;;
Almere;1270;;;Almere;34;;
Almkerk;3300;;;Woudrichem;874;;
Alphen;1766;;;West Maas en Waal;668;;
Alphen;3432;;;Alphen-Chaam;1723;;
Alphen aan den Rijn;1080;;;Alphen aan den Rijn;484;;
Alteveer;1633;;;Noordenveld;1699
Alteveer;3079;;;Stadskanaal;37
Alteveer;3160;;;De Wolden;1690
Alteveer gem Hoogeveen;1810;;;Hoogeveen;118
Altforst;1767;;;West Maas en Waal;668
Ambt Delden;1438;;;Hof van Twente;1735
Ameide;2106;;;Zederik;707
Amen;1147;;;Aa en Hunze;1680
America;1026;;;Horst aan de Maas;1507
Amerongen;3337;;;Utrechtse Heuvelrug;1581
Amersfoort;1664;;;Amersfoort;307
Ammerstol;2367;;;Bergambacht;491
Ammerzoden;1624;;;Maasdriel;263
Amstelhoek;1932;;07-02-2012;De Ronde Venen;736
Amstelhoek;3547;07-02-2012;;De Ronde Venen;736
Amstelveen;1050;;;Amstelveen;362
Amstenrade;2099;;;Schinnen;962;;
Amsterdam;1024;;;Amsterdam;363;;
Amsterdam Zuidoost;1025;;;Amsterdam;363;;
Andel;3301;;;Woudrichem;874;;
Andelst;1862;;;Overbetuwe;1734;;
Anderen;1148;;;Aa en Hunze;1680;;
Andijk;1053;;;Andijk;364;;01-01-2011
Andijk;1053;;;Medemblik;420;01-01-2011;
Ane;1537;;;Hardenberg;160;;
Anerveen;1538;;;Hardenberg;160;;
Anevelde;1539;;;Hardenberg;160;;
Angeren;3133;;;Lingewaard;1705;;
Angerlo;1299;;;Zevenaar;299;;
Anjum;3388;;;Dongeradeel;58;;
Ankeveen;2999;;;Wijdemeren;1696;;
Anloo;1149;;;Aa en Hunze;1680;;
Anna Paulowna;3185;;;Anna Paulowna;366;;01-01-2012
Anna Paulowna;3185;;;Hollands Kroon;1911;01-01-2012;
Annen;1150;;;Aa en Hunze;1680;;
Annerveenschekanaal;1151;;;Aa en Hunze;1680;;
Ansen;3104;;;Westerveld;1701;;
Ansen;3161;;;De Wolden;1690;;
Apeldoorn;2247;;;Apeldoorn;200;;
Appelscha;1753;;;Ooststellingwerf;85;;
Appeltern;1768;;;West Maas en Waal;668;;
Appingedam;3386;;;Appingedam;3;;
Arcen;3140;;;Venlo;983;;
Arkel;1432;;;Giessenlanden;689;;
Arnemuiden;1008;;;Middelburg;687;;
Arnhem;1296;;;Arnhem;202;;
Arriën;2547;;;Ommen;175;;
Arum;2302;;;Wûnseradiel;710;;01-01-2011
Arum;2302;;;Súdwest Fryslân;1900;01-01-2011;
Asch;3370;;;Buren;214;;
Asperen;2353;;;Lingewaal;733;;
Assen;2391;;;Assen;106;;
Assendelft;1878;;;Zaanstad;479;;
Asten;2928;;;Asten;743;;
Augsbuurt;3307;;;Kollumerland en Nieuwkruisland;79;;
Augustinusga;3173;;;Achtkarspelen;59;;
Austerlitz;2824;;;Zeist;355;;
Avenhorn;1183;;;Koggenland;1598;;
Axel;1128;;;Terneuzen;715;;
Azewijn;2202;;;Montferland;1955;;
Baaiduinen;2621;;;Terschelling;93;;
Baaium;2008;;;Littenseradiel;140;;
Baak;1527;;;Bronckhorst;1876;;
Baambrugge;1333;;;Abcoude;305;;01-01-2011
Baambrugge;1333;;;De Ronde Venen;736;01-01-2011
Baard;2009;;;Littenseradiel;140;
Baarland;1251;;;Borsele;654;
Baarle-Nassau;2883;;;Baarle-Nassau;744;
Baarlo;2602;;;Peel en Maas;1894;
Baarlo;2691;;;Steenwijkerland;1708;
Baarn;1092;;;Baarn;308;
Baars;2692;;;Steenwijkerland;1708;
Babberich;1298;;;Zevenaar;299;
Babyloniënbroek;1951;;;Aalburg;738;
Bad Nieuweschans;1420;;;Oldambt;1895;
Badhoevedorp;1617;;;Haarlemmermeer;394;
Baexem;2940;;;Leudal;1640;
Baflo;2465;;;Winsum;53;
Bakel;2090;;;Gemert-Bakel;1652;
Bakhuizen;1673;;;Gaasterlân-Sleat;653;
Bakkeveen;3342;;;Opsterland;86;;
Balgoij;2570;;;Wijchen;296;;
Balinge;3005;;;Midden-Drenthe;1731;;
Balk;1674;;;Gaasterlân-Sleat;653;;
Balkbrug;1540;;;Hardenberg;160;;
Balloërveld;1153;;;Aa en Hunze;1680;;
Balloo;1152;;;Aa en Hunze;1680;;
Ballum;2587;;;Ameland;60;;
Baneheide;3067;;;Simpelveld;965;;
Banholt;1690;;;Margraten;936;;01-01-2011
Banholt;1690;;;Eijsden-Margraten;1903;01-01-2011;
Bant;1272;;;Noordoostpolder;171;;
Bantega;2239;;;Lemsterland;82;;
Barchem;1335;;;Lochem;262;;
Barendrecht;1594;;;Barendrecht;489;;
Barger-Compascuum;1987;;;Emmen;114;;
Barneveld;1054;;;Barneveld;203;;
Barsingerhorn;2514;;;Niedorp;412;;01-01-2012
Barsingerhorn;2514;;;Hollands Kroon;1911;01-01-2012;
Basse;2693;;;Steenwijkerland;1708;;
Batenburg;2568;;;Wijchen;296;;
Bathmen;2854;;;Deventer;150;;
Bavel;1703;;;Breda;758;;
Bavel AC;3437;;;Alphen-Chaam;1723;;
Bears;2010;;;Littenseradiel;140;;
Bedum;2829;;;Bedum;5;;
Beegden;1918;;;Maasgouw;1641;;
Beek;1670;;;Beek;888;;
Beek;2203;;;Montferland;1955;;
Beek;2872;;;Ubbergen;282;;
Beek en Donk;1446;;;Laarbeek;1659;;
Beekbergen;2258;;;Apeldoorn;200;;
Beemte Broekland;2254;;;Apeldoorn;200
Beers NB;1449;;;Cuijk;1684
Beerta;1418;23-01-2008;07-04-2011;Oldambt;1895
Beerta;3508;07-04-2011;;Oldambt;1895
Beerze;2548;;;Ommen;175
Beerzerveld;2549;;;Ommen;175
Beesd;3213;;;Geldermalsen;236
Beesel;1950;;;Beesel;889
Beets;1837;;;Zeevang;478
Beetsterzwaag;3343;;;Opsterland;86
Beilen;3006;;;Midden-Drenthe;1731
Beinsdorp;1610;;;Haarlemmermeer;394
Belfeld;1476;;;Venlo;983
Bellingwolde;2231;;;Bellingwedde;7
Beltrum;1661;;;Berkelland;1859
Belt-Schutsloot;2694;;;Steenwijkerland;1708
Bemelen;1691;;;Margraten;936;;01-01-2011
Bemelen;1691;;;Eijsden-Margraten;1903;01-01-2011;
Bemmel;3131;;;Lingewaard;1705;;
Beneden-Leeuwen;1769;;;West Maas en Waal;668;;
Bennebroek;1391;;03-01-2012;Bloemendaal;377;;
Bennebroek;3533;03-01-2012;;Bloemendaal;377;;
Bennekom;2766;;;Ede;228;;
Benneveld;2146;;;Coevorden;109;;
Benningbroek;3148;;;Medemblik;420;;
Benschop;1958;;;Lopik;331;;
Bentelo;1439;;;Hof van Twente;1735;;
Benthuizen;2853;;;Rijnwoude;1672;;
Bentveld;1306;;;Zandvoort;473;;
Berg en Dal;2290;;;Groesbeek;241;;
Berg en Dal;2873;;;Ubbergen;282;;
Berg en Terblijt;1716;;;Valkenburg aan de Geul;994;;
Bergambacht;2365;;;Bergambacht;491
Bergeijk;1457;;;Bergeijk;1724
Bergen (NH);3047;;;Bergen (NH);373
Bergen aan Zee;3046;;;Bergen (NH);373
Bergen L;1121;;;Bergen (L);893
Bergen op Zoom;1937;;;Bergen op Zoom;748
Bergentheim;1541;;;Hardenberg;160
Bergharen;2565;;;Wijchen;296
Berghem;3250;;;Oss;828
Bergschenhoek;1688;;;Lansingerland;1621
Beringe;3438;;;Peel en Maas;1894
Berkel en Rodenrijs;1687;;;Lansingerland;1621
Berkel-Enschot;1044;;;Tilburg;855
Berkenwoude;2366;;;Bergambacht;491
Berkhout;1184;;;Koggenland;1598
Berlicum;2057;;;Sint-Michielsgestel;845
Berlicum;3557;reservering;;Sint-Michielsgestel;845;;
Berltsum;2724;;;Menaldumadeel;83;;01-01-2011
Berltsum;2724;;;Menameradiel;1908;01-01-2011;
Bern;2627;;;Zaltbommel;297;;
Best;1456;;;Best;753;;
Beugen;1214;;;Boxmeer;756;;
Beuningen;1711;;;Losser;168;;
Beuningen Gld;2751;;;Beuningen;209;;
Beusichem;3371;;;Buren;214;;
Beutenaken;1230;;;Gulpen-Wittem;1729;;
Beverwijk;2735;;;Beverwijk;375;;
Biddinghuizen;2429;;;Dronten;303;;
Bierum;3232;;;Delfzijl;10;;
Biervliet;1129;;;Terneuzen;715;;
Biervliet;2975;;;Sluis;1714;;
Biest-Houtakker;1309;;;Hilvarenbeek;798;;
Biezenmortel;1425;;;Haaren;788;;
Biggekerke;2775;;;Veere;717;;
Bilthoven;2935;;;De Bilt;310;;
Bingelrade;2845;;;Onderbanken;881;;
Bitgum;2722;;;Menaldumadeel;83;;01-01-2011
Bitgum;2722;;;Menameradiel;1908;01-01-2011;
Bitgummole;2723;;;Menaldumadeel;83;;01-01-2011
Bitgummole;2723;;;Menameradiel;1908;01-01-2011;
Bladel;1064;;;Bladel;1728;;
Blankenham;2695;;;Steenwijkerland;1708;;
Blaricum;2828;;;Blaricum;376;;
Blauwestad;3319;08-02-2010;07-04-2011;Oldambt;1895;;
Blauwestad;3509;07-04-2011;;Oldambt;1895;;
Blauwhuis;2401;;;Wymbritseradiel;683;;01-01-2011
Blauwhuis;2401;;;Súdwest Fryslân;1900;01-01-2011;
Bleiswijk;1689;;;Lansingerland;1621;;
Blesdijke;1720;;;Weststellingwerf;98;;
Bleskensgraaf ca;1980;;;Graafstroom;693;;
Blessum;2725;;;Menaldumadeel;83;;01-01-2011
Blessum;2725;;;Menameradiel;1908;01-01-2011;
Blije;3199;;;Ferwerderadiel;1722;;
Blijham;2232;;;Bellingwedde;7;;
Blitterswijck;1856;;;Venray;984;;
Bloemendaal;2654;;;Bloemendaal;377;;
Blokker;2462;;;Hoorn;405;;
Blokzijl;2696;;;Steenwijkerland;1708;;
Boazum;2011;;;Littenseradiel;140;;
Bocholtz;3066;;;Simpelveld;965;;
Bodegraven;2665;;;Bodegraven;497;;01-01-2011
Bodegraven;2665;;;Bodegraven-Reeuwijk;1901;01-01-2011;
Boekel;3138;;;Boekel;755;;
Boelenslaan;3174;;;Achtkarspelen;59;;
Boer;1371;;;Franekeradeel;70;;
Boerakker;2259;;;Marum;25;;
Boerakker;2339;;;Leek;22;;
Boesingheliede;1615;;;Haarlemmermeer;394;;
Boijl;1721;;;Weststellingwerf;98;;
Boksum;2726;;;Menaldumadeel;83;;01-01-2011
Boksum;2726;;;Menameradiel;1908;01-01-2011;
Bolsward;2079;;;Bolsward;64;;01-01-2011
Bolsward;2079;;;Súdwest Fryslân;1900;01-01-2011;
Bontebok;2193;;;Heerenveen;74;;
Boornbergum;3275;;;Smallingerland;90;;
Boornzwaag;2485;;;Skarsterlân;51;;
Borculo;1659;;;Berkelland;1859;;
Borger;1782;;;Borger-Odoorn;1681;;
Borgercompagnie;1242;;;Veendam;47;;
Borgercompagnie;2275;;;Menterwolde;1987;;
Borgsweer;3233;;;Delfzijl;10
Born;2808;;;Sittard-Geleen;1883
Borne;2049;07-10-2008;01-06-2011;Borne;147
Borne;3511;01-06-2011;;Borne;147
Bornerbroek;1926;;;Almelo;141
Bornwird;3389;;;Dongeradeel;58
Borssele;1252;;;Borsele;654
Bosch en Duin;2823;;;Zeist;355
Boschoord;3105;;;Westerveld;1701
Boskoop;2998;;;Boskoop;499
Bosschenhoofd;1249;;;Halderberge;1655
Botlek Rotterdam;3080;;;Rotterdam;599
Bourtange;2294;;;Vlagtwedde;48
Bovenkarspel;1102;;;Stede Broec;532
Boven-Leeuwen;1770;;;West Maas en Waal;668
Bovensmilde;3007;;;Midden-Drenthe;1731
Boxmeer;1215;;;Boxmeer;756;;
Boxtel;2439;;;Boxtel;757;;
Braamt;2204;;;Montferland;1955;;
Brakel;2628;;;Zaltbommel;297;;
Brandwijk;1981;;;Graafstroom;693;;
Brantgum;3390;;;Dongeradeel;58;;
Breda;1702;;;Breda;758;;
Bredevoort;1194;;;Aalten;197;;
Breedenbroek;1587;;;Oude IJsselstreek;1509;;
Breezand;3186;;;Anna Paulowna;366;;01-01-2012
Breezand;3186;;;Hollands Kroon;1911;01-01-2012;
Breezanddijk;2303;;;Wûnseradiel;710;;01-01-2011
Breezanddijk;2303;;;Súdwest Fryslân;1900;01-01-2011;
Breskens;2965;;;Sluis;1714;;
Breugel;2600;;;Son en Breugel;848;;
Breukelen;1392;;;Breukelen;311;;01-01-2011
Breukelen;1392;;;Stichtse Vecht;1904;01-01-2011
Breukeleveen;3004;;;Wijdemeren;1696;
Brielle;2368;;;Brielle;501;
Briltil;2115;;;Zuidhorn;56;
Britsum;3225;;;Leeuwarderadeel;81;
Britswert;2012;;;Littenseradiel;140;
Broek;2486;;;Skarsterlân;51;
Broek in Waterland;1940;;;Waterland;852;
Broek op Langedijk;1116;;;Langedijk;416;
Broekhuizen;1027;;;Horst aan de Maas;1507;
Broekhuizen;1086;;;Meppel;119;
Broekhuizenvorst;1028;;;Horst aan de Maas;1507;
Broekland;1497;;;Raalte;177;
Broeksterwâld;3265;;;Dantumadiel;1891;
Bronkhorst;1530;;;Bronckhorst;1876;
Bronneger;1783;;;Borger-Odoorn;1681;
Bronnegerveen;1784;;;Borger-Odoorn;1681
Brouwershaven;2674;;;Schouwen-Duiveland;1676
Bruchem;2629;;;Zaltbommel;297
Brucht;1542;;;Hardenberg;160
Bruchterveld;1543;;;Hardenberg;160
Bruinehaar;3320;;;Twenterand;1700
Bruinisse;2675;;;Schouwen-Duiveland;1676
Brummen;1111;;;Brummen;213
Brunssum;2849;;;Brunssum;899
Bruntinge;3008;;;Midden-Drenthe;1731
Buchten;2809;;;Sittard-Geleen;1883
Budel;1571;;;Cranendonck;1706
Budel-Dorplein;1573;;;Cranendonck;1706
Budel-Schoot;1572;;;Cranendonck;1706
Buggenum;2941;;;Leudal;1640
Buinen;1785;;;Borger-Odoorn;1681
Buinerveen;1786;;;Borger-Odoorn;1681;;
Buitenkaag;1607;;;Haarlemmermeer;394;;
Buitenpost;3175;;;Achtkarspelen;59;;
Bunde;1461;;;Meerssen;938;;
Bunne;2914;;;Tynaarlo;1730;;
Bunnik;2603;;;Bunnik;312;;
Bunschoten-Spakenburg;2237;;;Bunschoten;313;;
Burdaard;3200;;;Ferwerderadiel;1722;;
Buren;2589;;;Ameland;60;;
Buren;3372;;;Buren;214;;
Burgerbrug;2762;;;Zijpe;476;;
Burgerveen;1603;;;Haarlemmermeer;394;;
Burgh-Haamstede;2676;;;Schouwen-Duiveland;1676;;
Burgum;2451;;;Tytsjerksteradiel;737;;
Burgwerd;2304;;;Wûnseradiel;710;;01-01-2011
Burgwerd;2304;;;Súdwest Fryslân;1900;01-01-2011;
Burum;3308;;;Kollumerland en Nieuwkruisland;79;;
Bussum;1331;;;Bussum;381;;
Buurmalsen;3221;01-06-2010;14-12-2011;Geldermalsen;236;;
Buurmalsen;3373;;;Buren;214;;
Buurmalsen;3532;24-11-2011;;Geldermalsen;236;;
Cadier en Keer;1692;;;Margraten;936;;01-01-2011
Cadier en Keer;1692;;;Eijsden-Margraten;1903;01-01-2011;
Cadzand;2964;;;Sluis;1714;;
Callantsoog;2757;;;Zijpe;476;;
Capelle aan den IJssel;1105;;;Capelle aan den IJssel;502;;
Castelre;2885;;;Baarle-Nassau;744;;
Castenray;2328;;;Venray;984;;
Casteren;1067;;;Bladel;1728;;
Castricum;2268;;;Castricum;383;;
Chaam;3433;;;Alphen-Chaam;1723;;
Clinge;3092;;;Hulst;677;;
Coevorden;2147;;;Coevorden;109;;
Colijnsplaat;3190;;;Noord-Beveland;1695;;
Collendoorn;1544;;;Hardenberg;160;;
Colmschate;2855;;;Deventer;150;;
Cornwerd;2305;;;Wûnseradiel;710;;01-01-2011
Cornwerd;2305;;;Súdwest Fryslân;1900;01-01-2011;
Cothen;1304;;;Wijk bij Duurstede;352;;
Creil;1281;;;Noordoostpolder;171;;
Cromvoirt;1620;;;Vught;865;;
Cruquius;1612;;;Haarlemmermeer;394;;
Cuijk;1450;;;Cuijk;1684;;
Culemborg;2052;;;Culemborg;216;;
Daarle;1038;;;Hellendoorn;163;;
Daarlerveen;1039;;;Hellendoorn;163;;
Dalem;2300;;;Gorinchem;512;;
Dalen;2148;;;Coevorden;109;;
Dalerpeel;2149;;;Coevorden;109
Dalerveen;2150;;;Coevorden;109
Dalfsen;1237;;;Dalfsen;148
Dalmsholte;2550;;;Ommen;175
Damwâld;3266;;;Dantumadiel;1891
Darp;3106;;;Westerveld;1701
De Bilt;2934;;;De Bilt;310
De Blesse;1722;;;Weststellingwerf;98
De Bult;2697;;;Steenwijkerland;1708
De Cocksdorp;2737;;;Texel;448
De Falom;3267;;;Dantumadiel;1891
De Glind;1061;;;Barneveld;203
De Goorn;1185;;;Koggenland;1598
De Groeve;2924;;;Tynaarlo;1730
De Heen;1401;;;Steenbergen;851
De Heurne;1195;;;Aalten;197
De Hoef;1934;;07-02-2012;De Ronde Venen;736
de Hoef;3548;07-02-2012;;De Ronde Venen;736
De Hoeve;1723;;;Weststellingwerf;98
De Kiel;2151;;;Coevorden;109
De Klomp;2770;;;Ede;228
De Knipe;2190;;;Heerenveen;74
De Koog;2738;;;Texel;448
De Krim;1545;;;Hardenberg;160
De Kwakel;2063;;;Uithoorn;451
De Kwakel;3539;reservering;;Uithoorn;451
De Lier;2655;;;Westland;1783
de Lutte;1714;;;Losser;168
De Meern;3297;;;Utrecht;344
De Moer;3054;;;Loon op Zand;809
De Mortel;2093;;;Gemert-Bakel;1652
De Pol;2698;;;Steenwijkerland;1708
De Punt;2915;;;Tynaarlo;1730
De Rijp;1902;;;Graft-De Rijp;365
De Rijp;3553;13-04-2012;;Graft-de Rijp;365
De Rips;2094;;;Gemert-Bakel;1652
De Schiphorst;1085;;;Meppel;119
De Steeg;1502;;;Rheden;275
De Tike;3276;;;Smallingerland;90
De Veenhoop;3277;;;Smallingerland;90
De Waal;2739;;;Texel;448
De Weere;2789;;;Opmeer;432
De Westereen;3273;;;Dantumadiel;1891
de Wijk;3162;;;De Wolden;1690
De Wilgen;3278;;;Smallingerland;90
De Wilp;2260;;;Marum;25
de Woude;2269;;;Castricum;383
De Zilk;1928;;;Noordwijkerhout;576
Dearsum;2526;;;Boarnsterhim;55;;
Dedemsvaart;1546;;;Hardenberg;160;;
Dedgum;2306;;;Wûnseradiel;710;;01-01-2011
Dedgum;2306;;;Súdwest Fryslân;1900;01-01-2011;
Deelen;2773;;;Ede;228;;
Deest;2903;;;Druten;225;;
Deil;3217;;;Geldermalsen;236;;
Deinum;2727;;;Menaldumadeel;83;;01-01-2011
Deinum;2727;;;Menameradiel;1908;01-01-2011;
Delden;1440;;;Hof van Twente;1735;;
Delfgauw;1143;;;Pijnacker-Nootdorp;1926;;
Delfstrahuizen;2240;;;Lemsterland;82;;
Delft;2138;;;Delft;503;;
Delfzijl;3234;;;Delfzijl;10;;
Delwijnen;2630;;;Zaltbommel;297;;
Demen;3260;;;Oss;828;;
Den Andel;2466;;;Winsum;53;;
Den Bommel;2132;;;Oostflakkee;580;;
Den Burg;2740;;;Texel;448;;
Den Dolder;2822;;;Zeist;355;;
Den Dungen;2058;;;Sint-Michielsgestel;845;;
Den Dungen;3558;reservering;;Sint-Michielsgestel;845;;
Den Ham;2116;;;Zuidhorn;56;;
Den Ham;3321;;;Twenterand;1700;;
Den Helder;3056;;;Den Helder;400;;
Den Hoorn;2807;;;Midden-Delfland;1842;;
Den Hoorn Texel;2741;;;Texel;448;;
Den Horn;2117;;;Zuidhorn;56;;
Den Hout;2958;;;Oosterhout;826;;
Den Ilp;1329;;;Landsmeer;415;;
Den Oever;1489;;;Wieringen;462;;01-01-2012
Den Oever;1489;;;Hollands Kroon;1911;01-01-2012;
Den Velde;1547;;;Hardenberg;160
Denekamp;1408;;;Dinkelland;1774
Deurne;1774;;;Deurne;762
Deurningen;1409;;;Dinkelland;1774
Deurningen;1669;;;Oldenzaal;173
Deursen-Dennenburg;3256;;;Oss;828
Deurze;1154;;;Aa en Hunze;1680
Deventer;2856;;;Deventer;150
Didam;2205;;;Montferland;1955
Dieden;3259;;;Oss;828
Diemen;2144;;;Diemen;384
Diepenheim;1441;;;Hof van Twente;1735
Diepenveen;2857;;;Deventer;150
Dieren;1504;;;Rheden;275
Diessen;1308;;;Hilvarenbeek;798
Diever;3107;;;Westerveld;1701
Dieverbrug;3108;;;Westerveld;1701
Diffelen;1548;;;Hardenberg;160
Dijken;2487;;;Skarsterlân;51
Dinteloord;1402;;;Steenbergen;851
Dinxperlo;1196;;;Aalten;197
Diphoorn;2152;;;Coevorden;109
Dirkshorn;3289;;;Harenkarspel;395
Dirksland;2377;;;Dirksland;504
Dodewaard;1094;;;Neder-Betuwe;1740
Doenrade;2100;;;Schinnen;962
Doesburg;2142;;;Doesburg;221
Doetinchem;3246;;;Doetinchem;222
Doetinchem-West;3521;reservering;;Doetinchem;222
Doeveren;3514;01-09-2011;;Heusden;797
Doezum;2174;;;Grootegast;15
Dokkum;3391;;;Dongeradeel;58
Doldersum;3109;;;Westerveld;1701
Domburg;2776;;;Veere;717
Donderen;2916;;;Tynaarlo;1730
Dongen;2799;;;Dongen;766
Dongjum;1372;;;Franekeradeel;70
Doniaga;2488;;;Skarsterlân;51
Donkerbroek;1754;;;Ooststellingwerf;85
Doorn;3339;;;Utrechtse Heuvelrug;1581
Doornenburg;3134;;;Lingewaard;1705
Doornspijk;1846;;;Elburg;230
Doorwerth;2986;;;Renkum;274
Dordrecht;2351;;;Dordrecht;505
Dorst;2959;;;Oosterhout;826
Drachten;3279;;;Smallingerland;90
Drachten;3523;reservering ingetrokken;;Smallingerland;90
Drachten-Azeven;3344;;;Opsterland;86
Drachtstercompagnie;3280;;;Smallingerland;90;;
Dreischor;2677;;;Schouwen-Duiveland;1676;;
Drempt;1520;;;Bronckhorst;1876;;
Dreumel;1771;;;West Maas en Waal;668;;
Driebergen-Rijsenburg;3335;;;Utrechtse Heuvelrug;1581;;
Drieborg;1422;;;Oldambt;1895;;
Driebruggen;2477;;;Reeuwijk;595;;01-01-2011
Driebruggen;2477;;;Bodegraven-Reeuwijk;1901;01-01-2011;
Driehuis NH;2836;;;Velsen;453;;
Driehuizen;1886;;;Schermer;458;;
Driel;1863;;;Overbetuwe;1734;;
Driewegen;1253;;;Borsele;654;;
Driezum;3268;;;Dantumadiel;1891;;
Drijber;3009;;;Midden-Drenthe;1731;;
Drimmelen;2574;;;Drimmelen;1719;;
Drogeham;3176;;;Achtkarspelen;59;;
Drogteropslagen;3163;;;De Wolden;1690;;
Drongelen;1952;;;Aalburg;738;;
Dronryp;2729;;;Menaldumadeel;83;;01-01-2011
Dronryp;2729;;;Menameradiel;1908;01-01-2011;
Dronten;2430;;;Dronten;303;;
Drouwen;1787;;;Borger-Odoorn;1681;;
Drouwenermond;1788;;;Borger-Odoorn;1681;;
Drouwenerveen;1789;;;Borger-Odoorn;1681;;
Drunen;3498;;;Heusden;797;;
Druten;2904;;;Druten;225;;
Duiven;2096;;;Duiven;226;;
Duivendrecht;2130;;;Ouder-Amstel;437;;
Duizel;2992;;;Eersel;770;;
Dussen;2214;;;Werkendam;870;;
Dwingeloo;3110;;;Westerveld;1701;;
Eagum;2524;;;Boarnsterhim;55;;
Earnewâld;2456;;;Tytsjerksteradiel;737;;
Easterein;2013;;;Littenseradiel;140;;
Easterlittens;2014;;;Littenseradiel;140;;
Eastermar;2454;;;Tytsjerksteradiel;737;;
Easterwierrum;2015;;;Littenseradiel;140;;
Echt;2041;;;Echt-Susteren;1711;;
Echteld;1095;;;Neder-Betuwe;1740;;
Echten;2241;;;Lemsterland;82;;
Echten;3164;;;De Wolden;1690;;
Echtenerbrug;2242;;;Lemsterland;82;;
Eck en Wiel;3374;;;Buren;214;;
Eckelrade;1693;;;Margraten;936;;01-01-2011
Eckelrade;1693;;;Eijsden-Margraten;1903;01-01-2011;
Edam;1747;;;Edam-Volendam;385;;
Ede;2764;;;Ede;228;;
Ederveen;2769;;;Ede;228;;
Ee;3392;;;Dongeradeel;58
Eede;2966;;;Sluis;1714
Eefde;1336;;;Lochem;262
Eelde;2909;;;Tynaarlo;1730
Eelderwolde;2911;;;Tynaarlo;1730
Eemdijk;2238;;;Bunschoten;313
Eemnes;1037;;;Eemnes;317
Eemshaven;3473;;;Eemsmond;1651
Een;1634;;;Noordenveld;1699
Eenrum;3415;;;De Marne;1663
Eenum;3444;;;Loppersum;24
Een-West;1635;;;Noordenveld;1699
Eerbeek;1114;;;Brummen;213
Eersel;2993;;;Eersel;770
Ees;1790;;;Borger-Odoorn;1681
Eesergroen;1791;;;Borger-Odoorn;1681
Eeserveen;1792;;;Borger-Odoorn;1681;;
Eesterga;2243;;;Lemsterland;82;;
Eesveen;2699;;;Steenwijkerland;1708;;
Eethen;1953;;;Aalburg;738;;
Eext;1155;;;Aa en Hunze;1680;;
Eexterveen;1156;;;Aa en Hunze;1680;;
Eexterveenschekanaal;1157;;;Aa en Hunze;1680;;
Eexterzandvoort;1158;;;Aa en Hunze;1680;;
Egchel;3439;;;Peel en Maas;1894;;
Egmond aan den Hoef;3048;;;Bergen (NH);373;;
Egmond aan Zee;3049;;;Bergen (NH);373;;
Egmond-Binnen;3050;;;Bergen (NH);373;;
Eibergen;1662;;;Berkelland;1859;;
Eijsden;1700;;;Eijsden;905;;01-01-2011
Eijsden;1700;;;Eijsden-Margraten;1903;01-01-2011;
Eindhoven;1101;;;Eindhoven;772;;
Einighausen;2810;;;Sittard-Geleen;1883
Ekehaar;1159;;;Aa en Hunze;1680
Elahuizen;1675;;;Gaasterlân-Sleat;653
Elburg;1844;;;Elburg;230
Eldersloo;1160;;;Aa en Hunze;1680
Eleveld;1161;;;Aa en Hunze;1680
Elim;1811;;;Hoogeveen;118
Elkenrade;1235;;;Gulpen-Wittem;1729
Ell;2942;;;Leudal;1640
Ellecom;1503;;;Rheden;275
Ellemeet;2678;;;Schouwen-Duiveland;1676
Ellertshaar;1793;;;Borger-Odoorn;1681
Ellewoutsdijk;1254;;;Borsele;654
Elp;3010;;;Midden-Drenthe;1731
Elsendorp;2095;;;Gemert-Bakel;1652
Elshout;3499;;;Heusden;797
Elsloo;1755;;;Ooststellingwerf;85
Elsloo;1914;;;Stein;971
Elspeet;2983;;;Nunspeet;302
Elst;1864;;;Overbetuwe;1734
Elst Ut;1400;;;Rhenen;340
Emmeloord;1271;;;Noordoostpolder;171
Emmen;1988;;;Emmen;114
Emmer-Compascuum;1989;;;Emmen;114
Empe;1109;;;Brummen;213
Emst;1346;;;Epe;232
Engwierum;3393;;;Dongeradeel;58
Enkhuizen;2754;;;Enkhuizen;388
Ens;1276;;;Noordoostpolder;171
Enschede;1145;;;Enschede;153
Enspijk;3216;;;Geldermalsen;236
Enter;1088;;;Wierden;189
Enumatil;2340;;;Leek;22
Epe;1344;;;Epe;232
Epen;1232;;;Gulpen-Wittem;1729
Eppenhuizen;3474;;;Eemsmond;1651
Epse;1337;;;Lochem;262
Erica;1990;;;Emmen;114
Erichem;3375;;;Buren;214
Erlecom;2874;;;Ubbergen;282
Erm;2153;;;Coevorden;109
Ermelo;2573;;;Ermelo;233
Erp;2826;;;Veghel;860
Esbeek;1311;;;Hilvarenbeek;798
Esch;1426;;;Haaren;788
Escharen;3195;;;Grave;786
Espel;1280;;;Noordoostpolder;171
Est;3359;;;Neerijnen;304
Etten;1581;;;Oude IJsselstreek;1509;;
Etten-Leur;1010;;;Etten-Leur;777;;
Europoort Rotterdam;3081;;;Rotterdam;599;;
Eursinge;3011;;;Midden-Drenthe;1731;;
Eursinge;3165;;;De Wolden;1690;;
Everdingen;2840;;;Vianen;620;;
Evertsoord;1517;;;Horst aan de Maas;1507;;
Ewijk;2752;;;Beuningen;209;;
Exloërveen;1794;;;Borger-Odoorn;1681;;
Exloo;1795;;;Borger-Odoorn;1681;;
Exmorra;2307;;;Wûnseradiel;710;;01-01-2011
Exmorra;2307;;;Súdwest Fryslân;1900;01-01-2011;
Eygelshoven;2650;;;Kerkrade;928;;
Eys;1234;;;Gulpen-Wittem;1729;;
Ezinge;2467;;;Winsum;53;;
Farmsum;3235;;;Delfzijl;10;;
Feanwâlden;3271;;;Dantumadiel;1891;;
Feerwerd;2468;;;Winsum;53;;
Feinsum;3226;;;Leeuwarderadeel;81;;
Ferwert;3201;;;Ferwerderadiel;1722;;
Ferwoude;2308;;;Wûnseradiel;710;;01-01-2011
Ferwoude;2308;;;Súdwest Fryslân;1900;01-01-2011;
Fijnaart;1321;;;Moerdijk;1709;;
Finsterwolde;1419;;;Oldambt;1895;;
Firdgum;1378;;;Franekeradeel;70;;
Fleringen;1284;;;Tubbergen;183;;
Fluitenberg;1812;;;Hoogeveen;118;;
Fochteloo;1756;;;Ooststellingwerf;85;;
Follega;2244;;;Lemsterland;82;;
Folsgare;2402;;;Wymbritseradiel;683;;01-01-2011
Folsgare;2402;;;Súdwest Fryslân;1900;01-01-2011;
Formerum;2617;;;Terschelling;93;;
Foudgum;3394;;;Dongeradeel;58;;
Foxhol;1017;;;Hoogezand-Sappemeer;18;;
Foxwolde;1636;;;Noordenveld;1699;;
Franeker;1366;;;Franekeradeel;70;;
Frederiksoord;3111;;;Westerveld;1701;;
Friens;2527;;;Boarnsterhim;55;;
Frieschepalen;3345;;;Opsterland;86;;
Froombosch;1348;;;Slochteren;40;;
Gaanderen;3247;;;Doetinchem;222;;
Gaast;2309;;;Wûnseradiel;710;;01-01-2011
Gaast;2309;;;Súdwest Fryslân;1900;01-01-2011;
Gaastmeer;2403;;;Wymbritseradiel;683;;01-01-2011
Gaastmeer;2403;;;Súdwest Fryslân;1900;01-01-2011;
Galder;3434;;;Alphen-Chaam;1723;;
Gameren;2631;;;Zaltbommel;297;;
Gapinge;2777;;;Veere;717;;
Garderen;1057;;;Barneveld;203;;
Garmerwolde;1831;;;Ten Boer;9;;
Garminge;3012;;;Midden-Drenthe;1731;;
Garnwerd;2469;;;Winsum;53;;
Garrelsweer;3445;;;Loppersum;24;;
Garsthuizen;3446;;;Loppersum;24;;
Garyp;2455;;;Tytsjerksteradiel;737;;
Gassel;3196;;;Grave;786;;
Gasselte;1162;;;Aa en Hunze;1680;;
Gasselternijveen;1163;;;Aa en Hunze;1680;;
Gasselternijveenschemond;1164;;;Aa en Hunze;1680;;
Gastel;1570;;;Cranendonck;1706;;
Gasteren;1165;;;Aa en Hunze;1680;;
Gauw;2404;;;Wymbritseradiel;683;;01-01-2011
Gauw;2404;;;Súdwest Fryslân;1900;01-01-2011;
Geelbroek;1166;;;Aa en Hunze;1680;;
Geerdijk;3322;;;Twenterand;1700
Geersdijk;3193;;;Noord-Beveland;1695
Geertruidenberg;1751;;;Geertruidenberg;779
Geervliet;1386;;;Bernisse;568
Gees;2154;;;Coevorden;109
Geesbrug;2155;;;Coevorden;109
Geesteren;1285;;;Tubbergen;183
Geesteren;1655;;;Berkelland;1859
Geeuwenbrug;3112;;;Westerveld;1701
Geffen;2747;;;Maasdonk;1671
Geijsteren;1857;;;Venray;984
Geldermalsen;3218;01-06-2010;14-12-2011;Geldermalsen;236
Geldermalsen;3529;24-11-2011;;Geldermalsen;236
Gelderswoude;2645;;;Zoeterwoude;638
Geldrop;1126;;;Geldrop-Mierlo;1771
Geleen;2811;;01-01-2011;Sittard-Geleen;1883
Geleen;3513;01-01-2011;;Sittard-Geleen;1883
Gellicum;3214;;;Geldermalsen;236
Gelselaar;1654;;;Berkelland;1859
Gemert;2089;;;Gemert-Bakel;1652
Gemonde;2059;;;Sint-Michielsgestel;845
Genderen;1954;;;Aalburg;738
Gendringen;1585;;;Oude IJsselstreek;1509
Gendt;3132;;;Lingewaard;1705
Genemuiden;2198;;;Zwartewaterland;1896
Gennep;2482;;;Gennep;907
Gerkesklooster;3177;;;Achtkarspelen;59
Gersloot;2185;;;Heerenveen;74
Geulle;1462;;;Meerssen;938
Giesbeek;1300;;;Zevenaar;299
Giessen;3302;;;Woudrichem;874
Giessenburg;1433;;;Giessenlanden;689
Gieten;1167;;;Aa en Hunze;1680;;
Gieterveen;1168;;;Aa en Hunze;1680;;
Giethmen;2551;;;Ommen;175;;
Giethoorn;2700;;;Steenwijkerland;1708;;
Gilze;2067;;;Gilze en Rijen;784;;
Ginnum;3202;;;Ferwerderadiel;1722;;
Glane;1712;;;Losser;168;;
Glimmen;1267;;;Haren;17;;
Godlinze;3236;;;Delfzijl;10;;
Goedereede;2931;;;Goedereede;511;;
Goënga;2405;;;Wymbritseradiel;683;;01-01-2011
Goënga;2405;;;Súdwest Fryslân;1900;01-01-2011;
Goëngahuizen;3281;;;Smallingerland;90;;
Goes;1824;;;Goes;664;;
Goingarijp;2489;;;Skarsterlân;51;;
Goirle;2880;;;Goirle;785;;
Goor;1442;;;Hof van Twente;1735
Gorinchem;2299;;;Gorinchem;512
Gorredijk;3346;;;Opsterland;86
Gorssel;1338;;;Lochem;262
Gouda;1005;;;Gouda;513
Gouderak;2374;;;Ouderkerk;644
Goudriaan;1982;;;Graafstroom;693
Goudswaard;2886;;;Korendijk;588
Goutum;1201;;05-01-2012;Leeuwarden;80
Goutum;3544;05-01-2012;;Leeuwarden;80
Graauw;3094;;;Hulst;677
Grafhorst;2896;;;Kampen;166
Graft;1903;;;Graft-De Rijp;365
Gramsbergen;1549;;;Hardenberg;160
Grashoek;3440;;;Peel en Maas;1894
Grathem;2943;;;Leudal;1640
Grave;3197;;;Grave;786;;
Greonterp;2406;;;Wymbritseradiel;683;;01-01-2011
Greonterp;2406;;;Súdwest Fryslân;1900;01-01-2011;
Grevenbicht;2812;;;Sittard-Geleen;1883;;
Griendtsveen;1029;;;Horst aan de Maas;1507;;
Grijpskerk;2118;;;Zuidhorn;56;;
Grijpskerke;2778;;;Veere;717;;
Groede;2967;;;Sluis;1714;;
Groenekan;2937;;;De Bilt;310;;
Groeningen;1216;;;Boxmeer;756;;
Groenlo;2224;;;Oost Gelre;1586;;
Groesbeek;2291;;;Groesbeek;241;;
Groessen;2097;;;Duiven;226;;
Groet;3044;;;Bergen (NH);373;;
Grolloo;1169;;;Aa en Hunze;1680;;
Groningen;1070;;;Groningen;14;;
Gronsveld;1701;;;Eijsden;905;;01-01-2011
Gronsveld;1701;;;Eijsden-Margraten;1903;01-01-2011;
Groot-Ammers;1806;;;Liesveld;694;;
Grootebroek;1103;;;Stede Broec;532;;
Grootegast;2175;;;Grootegast;15;;
Grootschermer;1887;;;Schermer;458;;
Grou;2528;;;Boarnsterhim;55;;
Grubbenvorst;1030;;;Horst aan de Maas;1507;;
Gulpen;1225;;;Gulpen-Wittem;1729;;
Guttecoven;2813;;;Sittard-Geleen;1883;;
Gytsjerk;2444;;;Tytsjerksteradiel;737;;
Haaften;3360;;;Neerijnen;304;;
Haaksbergen;2347;;;Haaksbergen;158;;
Haalderen;3136;;;Lingewaard;1705;;
Haaren;1427;;;Haaren;788;;
Haarle;1040;;;Hellendoorn;163;;
Haarle;1286;;;Tubbergen;183
Haarlem;2907;;;Haarlem;392
Haarlemmerliede;2641;;;Haarlemmerliede en Spaarnwoude;393
Haarlo;1660;;;Berkelland;1859
Haarsteeg;3500;;;Heusden;797
Haarzuilens;3298;;;Utrecht;344
Haastrecht;2387;;;Vlist;623
Haelen;2944;;;Leudal;1640
Hagestein;2841;;;Vianen;620
Haghorst;1310;;;Hilvarenbeek;798
Haler;2945;;;Leudal;1640
Halfweg;2643;;;Haarlemmerliede en Spaarnwoude;393
Hall;1113;;;Brummen;213
Halle;1525;;;Bronckhorst;1876
Hallum;3203;;;Ferwerderadiel;1722
Halsteren;1938;;;Bergen op Zoom;748
Handel;2092;;;Gemert-Bakel;1652
Hank;2215;;;Werkendam;870
Hansweert;3461;;;Reimerswaal;703
Hantum;3395;;;Dongeradeel;58
Hantumeruitburen;3396;;;Dongeradeel;58
Hantumhuizen;3397;;;Dongeradeel;58
Hapert;1065;;;Bladel;1728
Haps;1451;;;Cuijk;1684
Harbrinkhoek;1287;;;Tubbergen;183
Hardenberg;1550;;;Hardenberg;160
Harderwijk;3222;;;Harderwijk;243
Hardinxveld-Giessendam;3031;;;Hardinxveld-Giessendam;523
Haren;3253;;;Oss;828
Haren Gn;1266;;;Haren;17
Harfsen;1339;;;Lochem;262
Harich;1676;;;Gaasterlân-Sleat;653
Haringhuizen;2515;;;Niedorp;412;;01-01-2012
Haringhuizen;2515;;;Hollands Kroon;1911;01-01-2012;
Harkema;3178;;;Achtkarspelen;59;;
Harkstede;1349;;;Slochteren;40;;
Harlingen;2891;;;Harlingen;72;;
Harmelen;1072;;;Woerden;632;;
Harreveld;2228;;;Oost Gelre;1586;;
Harskamp;2768;;;Ede;228;;
Hartwerd;2310;;;Wûnseradiel;710;;01-01-2011
Hartwerd;2310;;;Súdwest Fryslân;1900;01-01-2011;
Haskerdijken;2490;;;Skarsterlân;51;;
Haskerhorne;2491;;;Skarsterlân;51;;
Hasselt;2199;;;Zwartewaterland;1896;;
Hattem;2882;;;Hattem;244;;
Hattemerbroek;3069;;;Oldebroek;269;;
Haule;1757;;;Ooststellingwerf;85;;
Haulerwijk;1758;;;Ooststellingwerf;85;;
Hauwert;3149;;;Medemblik;420;;
Havelte;3113;;;Westerveld;1701;;
Havelterberg;3114;;;Westerveld;1701;;
Hazerswoude-Dorp;2852;;;Rijnwoude;1672;;
Hazerswoude-Rijndijk;2851;;;Rijnwoude;1672;;
Hedel;1625;;;Maasdriel;263;;
Hedikhuizen;3515;01-09-2011;;Heusden;797;;
Hee;2623;;;Terschelling;93;;
Heeg;2407;;;Wymbritseradiel;683;;01-01-2011
Heeg;2407;;;Súdwest Fryslân;1900;01-01-2011;
Heel;1917;;;Maasgouw;1641;;
Heelsum;2987;;;Renkum;274;;
Heelweg;1576;;;Oude IJsselstreek;1509;;
Heemserveen;1551;;;Hardenberg;160;;
Heemskerk;2458;;;Heemskerk;396;;
Heemstede;2563;;;Heemstede;397
Heenvliet;1387;;;Bernisse;568
Heerde;2865;;;Heerde;246
Heerenveen;2186;;;Heerenveen;74
Heerewaarden;1626;;;Maasdriel;263
Heerhugowaard;1746;;;Heerhugowaard;398
Heerjansdam;2398;;;Zwijndrecht;642
Heerle;1590;;;Roosendaal;1674
Heerlen;1312;;;Heerlen;917
Heesbeen;3516;01-09-2011;;Heusden;797
Heesch;3059;;;Bernheze;1721
Heesselt;3361;;;Neerijnen;304
Heeswijk-Dinther;3060;;;Bernheze;1721
Heeten;1498;;;Raalte;177
Heeze;1314;;;Heeze-Leende;1658
Hegebeintum;3204;;;Ferwerderadiel;1722
Hegelsom;1031;;;Horst aan de Maas;1507
Hei- en Boeicop;2109;;;Zederik;707
Heibloem;2946;;;Leudal;1640
Heide;2329;;;Venray;984
Heijen;2483;;;Gennep;907
Heijenrath;1228;;;Gulpen-Wittem;1729
Heijningen;1318;;;Moerdijk;1709
Heikant;3091;;;Hulst;677
Heilig Landstichting;2292;;;Groesbeek;241
Heiligerlee;1899;;;Oldambt;1895
Heiloo;1243;;;Heiloo;399
Heinenoord;2381;;;Binnenmaas;585
Heinkenszand;1255;;;Borsele;654
Heino;1492;;;Raalte;177
Hekelingen;3033;;;Spijkenisse;612
Hekendorp;1909;;;Oudewater;589
Helden;3441;;;Peel en Maas;1894;;
Helenaveen;1778;;;Deurne;762;;
Hellendoorn;1041;;;Hellendoorn;163;;
Hellevoetsluis;2137;;;Hellevoetsluis;530;;
Hellouw;3362;;;Neerijnen;304;;
Hellum;1350;;;Slochteren;40;;
Helmond;1146;;;Helmond;794;;
Helvoirt;1428;;;Haaren;788;;
Hem;1507;;;Drechterland;498;;
Hemelum;1970;;;Nijefurd;104;;01-01-2011
Hemelum;1970;;;Súdwest Fryslân;1900;01-01-2011;
Hemmen;1865;;;Overbetuwe;1734;;
Hempens;1202;;;Leeuwarden;80;;
Hemrik;3347;;;Opsterland;86;;
Hendrik-Ido-Ambacht;2352;;;Hendrik-Ido-Ambacht;531;;
Hengelo;1804;11-11-2008;01-06-2011;Hengelo (O);164;;
Hengelo;3510;01-06-2011;;Hengelo (O);164
Hengelo (Gld);1535;;;Bronckhorst;1876
Hengevelde;1443;;;Hof van Twente;1735
Hengstdijk;3098;;;Hulst;677
Hensbroek;1186;;;Koggenland;1598
Herbaijum;1365;;;Franekeradeel;70
Herkenbosch;2590;;;Roerdalen;1669
Herkingen;2378;;;Dirksland;504
Hernen;2566;;;Wijchen;296
Herpen;3255;;;Oss;828
Herpt;3517;01-09-2011;;Heusden;797
Herten;2282;;;Roermond;957
Hertme;2050;;;Borne;147
Herveld;1866;;;Overbetuwe;1734
Herwen;2977;;;Rijnwaarden;196
Herwijnen;2354;;;Lingewaal;733
Heteren;1867;;;Overbetuwe;1734;;
Heukelom;2648;;;Oisterwijk;824;;
Heukelum;2355;;;Lingewaal;733;;
Heumen;3495;;;Heumen;252;;
Heusden;2929;;;Asten;743;;
Heusden;3518;01-09-2011;;Heusden;797;;
HEUSDEN GEM HEUSDEN;3501;;03-10-2011;Heusden;797;;
Heveadorp;2988;;;Renkum;274;;
Heythuysen;2947;;;Leudal;1640;;
Hezingen;1288;;;Tubbergen;183;;
Hiaure;3398;;;Dongeradeel;58;;
Hichtum;2311;;;Wûnseradiel;710;;01-01-2011
Hichtum;2311;;;Súdwest Fryslân;1900;01-01-2011;
Hidaard;2016;;;Littenseradiel;140;;
Hierden;3223;;;Harderwijk;243;;
Hieslum;2312;;;Wûnseradiel;710;;01-01-2011
Hieslum;2312;;;Súdwest Fryslân;1900;01-01-2011;
Hijken;3013;;;Midden-Drenthe;1731;;
Hijum;3227;;;Leeuwarderadeel;81;;
Hilaard;2017;;;Littenseradiel;140;;
Hillegom;1710;;12-01-2012;Hillegom;534;;
Hillegom;3535;05-01-2012;;Hillegom;534;;
Hilvarenbeek;1307;;;Hilvarenbeek;798;;
Hilversum;1036;;;Hilversum;402;;
Hindeloopen;1968;;;Nijefurd;104;;01-01-2011
Hindeloopen;1968;;;Súdwest Fryslân;1900;01-01-2011;
Hinnaard;2018;;;Littenseradiel;140;;
Hippolytushoef;1488;;;Wieringen;462;;01-01-2012
Hippolytushoef;1488;;;Hollands Kroon;1911;01-01-2012;
Hitzum;1363;;;Franekeradeel;70;;
Hobrede;1838;;;Zeevang;478;;
Hoedekenskerke;1256;;;Borsele;654;;
Hoek;1130;;;Terneuzen;715
Hoek van Holland;3082;;;Rotterdam;599
Hoenderloo;2257;;;Apeldoorn;200
Hoenderloo;2772;;;Ede;228
Hoensbroek;1313;;;Heerlen;917
Hoenzadriel;1627;;;Maasdriel;263
Hoevelaken;2871;;;Nijkerk;267
Hoeven;1250;;;Halderberge;1655
Hoge Hexel;1089;;;Wierden;189
Hollandsche Rading;2938;;;De Bilt;310
Hollandscheveld;1813;;;Hoogeveen;118
Hollum;2586;;;Ameland;60
Holsloot;2156;;;Coevorden;109
Holten;1567;;;Rijssen-Holten;1742
Holthees;1217;;;Boxmeer;756
Holtheme;1552;;;Hardenberg;160
Holthone;1553;;;Hardenberg;160;;
Holtum;2814;;;Sittard-Geleen;1883;;
Holwerd;3399;;;Dongeradeel;58;;
Holwierde;3237;;;Delfzijl;10;;
Hommerts;2408;;;Wymbritseradiel;683;;01-01-2011
Hommerts;2408;;;Súdwest Fryslân;1900;01-01-2011;
Homoet;1868;;;Overbetuwe;1734;;
Honselersdijk;2656;;;Westland;1783;;
Hoofddorp;1597;;;Haarlemmermeer;394;;
Hoofdplaat;2968;;;Sluis;1714;;
Hoog Soeren;2249;;;Apeldoorn;200;;
Hoogblokland;1434;;;Giessenlanden;689;;
Hooge Mierde;1874;;;Reusel-De Mierden;1667;;
Hooge Zwaluwe;2575;;;Drimmelen;1719;;
Hoogeloon;1066;;;Bladel;1728;;
Hoogenweg;1554;;;Hardenberg;160;;
Hoogerheide;1000;;;Woensdrecht;873
Hoogersmilde;3014;;;Midden-Drenthe;1731
Hoogersmilde;3115;;;Westerveld;1701
Hoogeveen;1814;;;Hoogeveen;118
Hoogezand;1018;;;Hoogezand-Sappemeer;18
Hooghalen;3015;;;Midden-Drenthe;1731
Hoogkarspel;1508;;;Drechterland;498
Hoog-Keppel;1521;;;Bronckhorst;1876
Hoogland;1665;;;Amersfoort;307
Hooglanderveen;1666;;;Amersfoort;307
Hoogmade;3034;;;Kaag en Braassem;1884
Hoogvliet Rotterdam;3083;;;Rotterdam;599
Hoogwoud;2790;;;Opmeer;432
Hoorn;2461;;;Hoorn;405
Hoorn;2615;;;Terschelling;93
Hoornaar;1435;;;Giessenlanden;689
Hoornsterzwaag;2197;;;Heerenveen;74
Horn;2948;;;Leudal;1640
Hornhuizen;3416;;;De Marne;1663
Horssen;2905;;;Druten;225
Horst;1032;;;Horst aan de Maas;1507
Houten;2053;;;Houten;321
Houtigehage;3282;;;Smallingerland;90
Houwerzijl;3417;;;De Marne;1663
Huijbergen;1001;;;Woensdrecht;873
Huis ter Heide;1637;;;Noordenveld;1699
Huis ter Heide;2825;;;Zeist;355
Huisduinen;3057;;;Den Helder;400
Huisseling;3257;;;Oss;828
Huissen;3130;;;Lingewaard;1705
Huizen;1011;;;Huizen;406
Huizinge;3447;;;Loppersum;24
Hulsberg;2359;;;Nuth;951;;
Hulsel;1875;;;Reusel-De Mierden;1667;;
Hulshorst;2984;;;Nunspeet;302;;
Hulst;3088;;;Hulst;677;;
Hulten;2068;;;Gilze en Rijen;784;;
Hummelo;1523;;;Bronckhorst;1876;;
Húns;2019;;;Littenseradiel;140;;
Hunsel;2949;;;Leudal;1640;;
Hurdegaryp;2449;;;Tytsjerksteradiel;737;;
Hurwenen;1628;;;Maasdriel;263;;
Idaerd;2529;;;Boarnsterhim;55;;
Idsegahuizum;2313;;;Wûnseradiel;710;;01-01-2011
Idsegahuizum;2313;;;Súdwest Fryslân;1900;01-01-2011;
Idskenhuizen;2492;;;Skarsterlân;51;;
Idzega;2409;;;Wymbritseradiel;683;;01-01-2011
Idzega;2409;;;Súdwest Fryslân;1900;01-01-2011;
Iens;2020;;;Littenseradiel;140;;
IJhorst;1048;;;Staphorst;180;;
IJlst;2410;;;Wymbritseradiel;683;;01-01-2011
IJlst;2410;;;Súdwest Fryslân;1900;01-01-2011;
IJmuiden;2835;;;Velsen;453;;
IJsselham;2701;;;Steenwijkerland;1708;;
IJsselmuiden;2895;;;Kampen;166;;
IJsselstein;2432;;;IJsselstein;353;;
IJzendijke;2974;;;Sluis;1714;;
IJzendoorn;1099;;;Neder-Betuwe;1740;;
Ilpendam;1941;;;Waterland;852;;
Indijk;2411;;;Wymbritseradiel;683;;01-01-2011
Indijk;2411;;;Súdwest Fryslân;1900;01-01-2011;
Ingber;1226;;;Gulpen-Wittem;1729;;
Ingelum;2728;;;Menaldumadeel;83;;01-01-2011
Ingelum;2728;;;Menameradiel;1908;01-01-2011;
Ingen;3376;;;Buren;214;;
It Heidenskip;1973;;;Nijefurd;104;;01-01-2011
It Heidenskip;1973;;;Súdwest Fryslân;1900;01-01-2011;
Itens;2021;;;Littenseradiel;140;;
Ittervoort;2950;;;Leudal;1640;;
Jaarsveld;1959;;;Lopik;331;;
Jabeek;2846;;;Onderbanken;881;;
Jannum;3205;;;Ferwerderadiel;1722;;
Jellum;2022;;;Littenseradiel;140;;
Jelsum;3228;;;Leeuwarderadeel;81;;
Jirnsum;2530;;;Boarnsterhim;55;;
Jislum;3206;;;Ferwerderadiel;1722;;
Jisp;2284;;;Wormerland;880;;
Jistrum;2452;;;Tytsjerksteradiel;737;;
Jonkerslân;3348;;;Opsterland;86;;
Jonkersvaart;2261;;;Marum;25;;
Joppe;1340;;;Lochem;262;;
Jorwert;2023;;;Littenseradiel;140;;
Joure;2493;;;Skarsterlân;51;;
Jouswier;3400;;;Dongeradeel;58;;
Jubbega;2196;;;Heerenveen;74;;
Julianadorp;3058;;;Den Helder;400;;
Jutrijp;2412;;;Wymbritseradiel;683;;01-01-2011
Jutrijp;2412;;;Súdwest Fryslân;1900;01-01-2011;
Kaag;3035;;;Kaag en Braassem;1884;;
Kaard;2622;;;Terschelling;93;;
Kaatsheuvel;3052;;;Loon op Zand;809;;
Kalenberg;2702;;;Steenwijkerland;1708;;
Kallenkote;2703;;;Steenwijkerland;1708;;
Kamerik;1073;;;Woerden;632;;
Kampen;2894;;;Kampen;166;;
Kamperland;3188;;;Noord-Beveland;1695;;
Kamperveen;2900;;;Kampen;166
Kantens;3475;;;Eemsmond;1651
Kapel Avezaath;2560;;;Tiel;281
Kapel-Avezaath;3377;;;Buren;214
Kapelle;1467;;;Kapelle;678
Kapellebrug;3090;;;Hulst;677
Katlijk;2192;;;Heerenveen;74
Kats;3192;;;Noord-Beveland;1695
Kattendijke;1825;;;Goes;664
Katwijk;1707;;;Katwijk;537
Katwijk NB;1452;;;Cuijk;1684
Katwoude;1942;;;Waterland;852
Kedichem;2273;;;Leerdam;545
Keent;3264;;;Oss;828
Keijenborg;1536;;;Bronckhorst;1876
Kekerdom;2875;;;Ubbergen;282
Kelpen-Oler;2951;;;Leudal;1640;;
Kerk Avezaath;2561;;;Tiel;281;;
Kerk-Avezaath;3378;;;Buren;214;;
Kerkdriel;1629;;;Maasdriel;263;;
Kerkenveld;3166;;;De Wolden;1690;;
Kerkrade;2649;;;Kerkrade;928;;
Kerkwerve;2679;;;Schouwen-Duiveland;1676;;
Kerkwijk;2632;;;Zaltbommel;297;;
Kessel;1699;;;Peel en Maas;1894;;
Kesteren;1096;;;Neder-Betuwe;1740;;
Kiel-Windeweer;1019;;;Hoogezand-Sappemeer;18;;
Kilder;2207;;;Montferland;1955;;
Kimswerd;2314;;;Wûnseradiel;710;;01-01-2011
Kimswerd;2314;;;Súdwest Fryslân;1900;01-01-2011;
Kinderdijk;2794;;;Nieuw-Lekkerland;571;;
Kinnum;2624;;;Terschelling;93;;
Klaaswaal;2371;;;Cromstrijen;611
Klarenbeek;2248;;;Apeldoorn;200
Klarenbeek;2606;;;Voorst;285
Klazienaveen;1991;;;Emmen;114
Klazienaveen-Noord;1992;;;Emmen;114
Klein Zundert;3492;;;Zundert;879
Klijndijk;1796;;;Borger-Odoorn;1681
Klimmen;1853;;;Voerendaal;986
Kloetinge;1468;;;Kapelle;678
Kloetinge;1826;;;Goes;664
Klooster Lidlum;1376;;;Franekeradeel;70
Kloosterburen;3418;;;De Marne;1663
Kloosterhaar;1555;;;Hardenberg;160
Kloosterhaar;3323;;;Twenterand;1700
Kloosterzande;3100;;;Hulst;677
Klundert;1319;;;Moerdijk;1709
Knegsel;2994;;;Eersel;770;;
Koarnjum;3229;;;Leeuwarderadeel;81;;
Kockengen;1393;;;Breukelen;311;;01-01-2011
Kockengen;1393;;;Stichtse Vecht;1904;01-01-2011;
Koedijk;1120;;;Langedijk;416;;
Koedijk;2349;;;Alkmaar;361;;
Koekange;3167;;;De Wolden;1690;;
Koewacht;1131;;;Terneuzen;715;;
Kolderwolde;1677;;;Gaasterlân-Sleat;653;;
Kolham;1351;;;Slochteren;40;;
Kolhorn;2516;;;Niedorp;412;;01-01-2012
Kolhorn;2516;;;Hollands Kroon;1911;01-01-2012;
Kollum;3309;;;Kollumerland en Nieuwkruisland;79;;
Kollumerpomp;3310;;;Kollumerland en Nieuwkruisland;79;;
Kollumerzwaag;3311;;;Kollumerland en Nieuwkruisland;79;;
Kommerzijl;2119;;;Zuidhorn;56;;
Koningsbosch;2042;;;Echt-Susteren;1711;;
Koningslust;3442;;;Peel en Maas;1894;;
Koog aan de Zaan;1879;;;Zaanstad;479;;
Koolwijk;3258;;;Oss;828;;
Kootstertille;3179;;;Achtkarspelen;59;;
Kootwijk;1062;;;Barneveld;203;;
Kootwijkerbroek;1056;;;Barneveld;203;;
Kornhorn;2176;;;Grootegast;15;;
Kornwerderzand;2315;;;Wûnseradiel;710;;01-01-2011
Kornwerderzand;2315;;;Súdwest Fryslân;1900;01-01-2011;
Kortehemmen;3283;;;Smallingerland;90;;
Kortenhoef;3001;;06-03-2012;Wijdemeren;1696;;
Kortenhoef;3526;09-12-2011;;Wijdemeren;1696;;
Kortgene;3189;;;Noord-Beveland;1695;;
Koudekerk aan den Rijn;2850;;;Rijnwoude;1672;;
Koudekerke;2779;;;Veere;717;;
Koudum;1966;;;Nijefurd;104;;01-01-2011
Koudum;1966;;;Súdwest Fryslân;1900;01-01-2011;
Koufurderrige;2413;;;Wymbritseradiel;683;;01-01-2011
Koufurderrige;2413;;;Súdwest Fryslân;1900;01-01-2011;
Krabbendijke;3462;;;Reimerswaal;703;;
Kraggenburg;1275;;;Noordoostpolder;171;;
Kreileroord;2433;;;Wieringermeer;463;;01-01-2012
Kreileroord;2433;;;Hollands Kroon;1911;01-01-2012;
Krewerd;3238;;;Delfzijl;10;;
Krimpen aan de Lek;2375;;;Nederlek;643;;
Krimpen aan den IJssel;1144;;;Krimpen aan den IJssel;542;;
Kring van Dorth;1341;;;Lochem;262;;
Krommenie;1880;;;Zaanstad;479;;
Kronenberg;1516;;;Horst aan de Maas;1507;;
Kropswolde;1020;;;Hoogezand-Sappemeer;18;;
Kruiningen;3463;;;Reimerswaal;703;;
Kruisland;1403;;;Steenbergen;851
Kûbaard;2024;;;Littenseradiel;140
Kudelstaart;2572;;;Aalsmeer;358
Kuinre;2704;;;Steenwijkerland;1708
Kuitaart;3097;;;Hulst;677
Kwadendamme;1257;;;Borsele;654
Kwadijk;1839;;;Zeevang;478
Kwintsheul;2657;;;Westland;1783
Laag Zuthem;1495;;;Raalte;177
Laag-Keppel;1522;;;Bronckhorst;1876
Laag-Soeren;1506;;;Rheden;275
Lage Mierde;1876;;;Reusel-De Mierden;1667
Lage Vuursche;1093;;;Baarn;308
Lage Zwaluwe;2576;;;Drimmelen;1719
Lageland;1352;;;Slochteren;40
Lambertschaag;3150;;;Medemblik;420
Lamswaarde;3099;;;Hulst;677
Landerum;2618;;;Terschelling;93
Landgraaf;3055;;;Landgraaf;882
Landhorst;2080;;;Sint Anthonis;1702
Landsmeer;1328;;;Landsmeer;415
Langbroek;1303;;;Wijk bij Duurstede;352
Langedijke;1759;;;Ooststellingwerf;85
Langelille;1724;;;Weststellingwerf;98
Langelo;1638;;;Noordenveld;1699
Langenboom;1978;;;Mill en Sint Hubert;815
Langerak;1808;;;Liesveld;694
Langeveen;1289;;;Tubbergen;183
Langeweg;1326;;;Moerdijk;1709
Langezwaag;3349;;;Opsterland;86
Langweer;2494;;;Skarsterlân;51
Laren;1342;;;Lochem;262
Laren;2890;;;Laren;417
Lathum;1301;;;Zevenaar;299
Lattrop-Breklenkamp;1410;;;Dinkelland;1774
Lauwersoog;3419;;;De Marne;1663
Lauwerzijl;2120;;;Zuidhorn;56
Ledeacker;2081;;;Sint Anthonis;1702
Leek;2341;;;Leek;22
Leende;1315;;;Heeze-Leende;1658
Leens;3420;;;De Marne;1663
Leerbroek;2110;;;Zederik;707
Leerdam;2271;;;Leerdam;545
Leermens;3448;;;Loppersum;24
Leersum;3336;;;Utrechtse Heuvelrug;1581
Leeuwarden;1197;;;Leeuwarden;80
Leeuwarden;3543;05-01-2012;;Leeuwarden;80
Legemeer;2495;;;Skarsterlân;51
Leiden;2088;;;Leiden;546
Leiderdorp;2112;;;Leiderdorp;547
Leidschendam;1621;;;Leidschendam-Voorburg;1916
Leimuiden;3036;;;Kaag en Braassem;1884
Leimuiden;3541;04-01-2012;;Kaag en Braassem;1884
Leimuiderbrug;1605;;;Haarlemmermeer;394
Lekkerkerk;2376;;;Nederlek;643
Lekkum;1198;;;Leeuwarden;80
Lellens;1835;;;Ten Boer;9
Lelystad;1051;;;Lelystad;995
Lemele;2552;;;Ommen;175
Lemelerveld;1238;;;Dalfsen;148
Lemiers;1430;;;Vaals;981
Lemmer;2245;;;Lemsterland;82
Lengel;2208;;;Montferland;1955
Lent;2545;;;Nijmegen;268
Leons;2025;;;Littenseradiel;140
Lepelstraat;1939;;;Bergen op Zoom;748
Lettelbert;2342;;;Leek;22
Lettele;2858;;;Deventer;150
Leunen;2330;;;Venray;984
Leur;2567;;;Wijchen;296
Leusden;2638;;;Leusden;327
Leuth;2876;;;Ubbergen;282
Leutingewolde;1639;;;Noordenveld;1699
Leuvenheim;1112;;;Brummen;213
Leveroy;2040;;;Nederweert;946
Lewedorp;1258;;;Borsele;654
Lexmond;2105;;;Zederik;707
Lichtaard;3207;;;Ferwerderadiel;1722
Lichtenvoorde;2227;;;Oost Gelre;1586
Liempde;2440;;;Boxtel;757
Lienden;3379;;;Buren;214
Lierderholthuis;1496;;;Raalte;177
Lieren;2250;;;Apeldoorn;200
Lierop;2746;;;Someren;847
Lies;2616;;;Terschelling;93
Lieshout;1447;;;Laarbeek;1659
Liessel;1776;;;Deurne;762
Lievelde;2225;;;Oost Gelre;1586
Lieveren;1640;;;Noordenveld;1699
Lijnden;1616;;;Haarlemmermeer;394
Limbricht;2815;;;Sittard-Geleen;1883
Limmen;2270;;;Castricum;383
Linde;3168;;;De Wolden;1690
Linden;1453;;;Cuijk;1684
Linne;1921;;;Maasgouw;1641
Linschoten;1963;;;Montfoort;335
Lioessens;3401;;;Dongeradeel;58;;
Lippenhuizen;3350;;;Opsterland;86;;
Lisse;1466;;;Lisse;553;;
Lisserbroek;1609;;;Haarlemmermeer;394;;
Lith;3468;;;Oss;828;;
Lithoijen;3469;;;Oss;828;;
Lobith;2978;;;Rijnwaarden;196;;
Lochem;1343;;;Lochem;262;;
Loenen;2251;;;Apeldoorn;200;;
Loenen aan de Vecht;2219;;;Loenen;329;;01-01-2011
Loenen aan de Vecht;2219;;;Stichtse Vecht;1904;01-01-2011;
Loenersloot;2220;;;Loenen;329;;01-01-2011
Loenersloot;2220;;;Stichtse Vecht;1904;01-01-2011;
Loënga;2862;;;Sneek;91;;01-01-2011
Loënga;2862;;01-01-2011;Súdwest Fryslân;1900;01-01-2011;
Loënga;3505;01-01-2011;;Súdwest Fryslân;1900;;
Loerbeek;2209;;;Montferland;1955;;
Lollum;2316;;;Wûnseradiel;710;;01-01-2011
Lollum;2316;;;Súdwest Fryslân;1900;01-01-2011;
Lomm;3141;;;Venlo;983;;
Longerhouw;2317;;;Wûnseradiel;710;;01-01-2011
Longerhouw;2317;;;Súdwest Fryslân;1900;01-01-2011;
Loo Gld;2098;;;Duiven;226;;
Loo Gld;3135;;;Lingewaard;1705;;
Loon;2392;;;Assen;106;;
Loon op Zand;3053;;;Loon op Zand;809;;
Loosbroek;3061;;;Bernheze;1721;;
Loosdrecht;3002;;06-03-2012;Wijdemeren;1696;;
Loosdrecht;3537;09-12-2011;;Wijdemeren;1696;;
Loozen;1556;;;Hardenberg;160;;
Lopik;1960;;;Lopik;331;;
Lopikerkapel;1961;;;Lopik;331;;
Loppersum;3449;;;Loppersum;24;;
Losdorp;3239;;;Delfzijl;10;;
Losser;1713;;;Losser;168;;
Lottum;1033;;;Horst aan de Maas;1507;;
Lucaswolde;2262;;;Marum;25;;
Luddeweer;1353;;;Slochteren;40;;
Luinjeberd;2183;;;Heerenveen;74;;
Lunteren;2765;;;Ede;228;;
Lutjebroek;1104;;;Stede Broec;532;;
Lutjegast;2177;;;Grootegast;15;;
Lutjewinkel;2517;;;Niedorp;412;;01-01-2012
Lutjewinkel;2517;;;Hollands Kroon;1911;01-01-2012;
Luttelgeest;1273;;;Noordoostpolder;171;;
Lutten;1557;;;Hardenberg;160;;
Luttenberg;1494;;;Raalte;177;;
Luxwoude;3351;;;Opsterland;86;;
Luyksgestel;1458;;;Bergeijk;1724;;
Lytsewierrum;2026;;;Littenseradiel;140;;
Maarheeze;1568;;;Cranendonck;1706;;
Maarn;3340;;;Utrechtse Heuvelrug;1581;;
Maarsbergen;3341;;;Utrechtse Heuvelrug;1581;;
Maarssen;2064;;;Maarssen;333;;01-01-2011
Maarssen;2064;;;Stichtse Vecht;1904;01-01-2011;
Maartensdijk;2936;;;De Bilt;310;;
Maasbommel;1772;;;West Maas en Waal;668;;
Maasbracht;1920;;;Maasgouw;1641;;
Maasbree;2601;;;Peel en Maas;1894;;
Maasdam;2382;;;Binnenmaas;585;;
Maasdijk;2658;;;Westland;1783;;
Maashees;1218;;;Boxmeer;756;;
Maasland;2806;;;Midden-Delfland;1842;;
Maassluis;1069;;;Maassluis;556;;
Maastricht;1406;;;Maastricht;935;;
Maastricht-Airport;1672;;;Beek;888;;
Maasvlakte Rotterdam;3084;;;Rotterdam;599;;
Macharen;3252;;;Oss;828;;
Made;2577;;;Drimmelen;1719;;
Makkinga;1760;;;Ooststellingwerf;85;;
Makkum;2318;;;Wûnseradiel;710;;01-01-2011
Makkum;2318;;;Súdwest Fryslân;1900;01-01-2011;
Malden;3494;;;Heumen;252;;
Mander;1290;;;Tubbergen;183;;
Manderveen;1291;;;Tubbergen;183;;
Mantgum;2027;;;Littenseradiel;140;;
Mantinge;3016;;;Midden-Drenthe;1731;;
Maren-Kessel;3471;;;Oss;828;;
Margraten;1694;;;Margraten;936;;01-01-2011
Margraten;1694;;;Eijsden-Margraten;1903;01-01-2011;
Maria Hoop;2043;;;Echt-Susteren;1711;;
Mariahout;1448;;;Laarbeek;1659;;
Mariaparochie;1292;;;Tubbergen;183;;
Mariënberg;1558;;;Hardenberg;160;;
Mariënheem;1493;;;Raalte;177;;
Mariënvelde;2230;;;Oost Gelre;1586;;
Marijenkampen;2705;;;Steenwijkerland;1708;;
Markelo;1444;;;Hof van Twente;1735;;
Marken;1943;;;Waterland;852;;
Markenbinnen;1904;;;Graft-De Rijp;365;;
Markenbinnen;3556;24-04-2012;;Graft-de Rijp;365;;
Marknesse;1274;;;Noordoostpolder;171;;
Marle;1383;;;Olst-Wijhe;1773;;
Marrum;3208;;;Ferwerderadiel;1722;;
Marsum;2730;;;Menaldumadeel;83;;01-01-2011
Marsum;2730;;;Menameradiel;1908;01-01-2011;
Marum;2263;;;Marum;25
Marwijksoord;1170;;;Aa en Hunze;1680
Mastenbroek;2200;;;Zwartewaterland;1896
Mastenbroek;2901;;;Kampen;166
Matsloot;1641;;;Noordenveld;1699
Maurik;3380;;;Buren;214
Mechelen;1231;;;Gulpen-Wittem;1729
Medemblik;3151;;;Medemblik;420
Meeden;2277;;;Menterwolde;1987
Meedhuizen;3240;;;Delfzijl;10
Meerkerk;2108;;;Zederik;707
Meerlo;1858;;;Horst aan de Maas;1507
Meerssen;1463;;;Meerssen;938
Meerstad;3488;;;Slochteren;40
Meeuwen;1955;;;Aalburg;738
Megchelen;1584;;;Oude IJsselstreek;1509
Megen;3251;;;Oss;828;;
Meijel;2140;;;Peel en Maas;1894;;
Melderslo;1034;;;Horst aan de Maas;1507;;
Melick;2591;;;Roerdalen;1669;;
Meliskerke;2780;;;Veere;717;;
Melissant;2379;;;Dirksland;504;;
Menaam;2731;;;Menaldumadeel;83;;01-01-2011
Menaam;2731;;;Menameradiel;1908;01-01-2011;
Mensingeweer;3421;;;De Marne;1663;;
Meppel;1082;;;Meppel;119;;
Meppen;2157;;;Coevorden;109;;
Merkelbeek;2847;;;Onderbanken;881;;
Merselo;2331;;;Venray;984;;
Meteren;3219;01-06-2010;14-12-2011;Geldermalsen;236;;
Meteren;3530;24-11-2011;;Geldermalsen;236;;
Meterik;1035;;;Horst aan de Maas;1507;;
Metslawier;3402;;;Dongeradeel;58;;
Mheer;1695;;;Margraten;936;;01-01-2011
Mheer;1695;;;Eijsden-Margraten;1903;01-01-2011;
Middelaar;2801;;;Mook en Middelaar;944;;
Middelburg;1007;;;Middelburg;687;;
Middelharnis;3143;;;Middelharnis;559;;
Middelie;1840;;;Zeevang;478;;
Middelstum;3450;;;Loppersum;24;;
Middenbeemster;2170;;;Beemster;370;;
Middenmeer;2434;;;Wieringermeer;463;;01-01-2012
Middenmeer;2434;;;Hollands Kroon;1911;01-01-2012;
Midlaren;2926;;;Tynaarlo;1730;;
Midlum;2892;;;Harlingen;72;;
Midsland;2619;;;Terschelling;93;;
Midwolda;1897;;;Oldambt;1895;;
Midwolde;2343;;;Leek;22;;
Midwoud;3152;;;Medemblik;420
Miedum;1199;;;Leeuwarden;80
Mierlo;1127;;;Geldrop-Mierlo;1771
Mijdrecht;1929;;07-02-2012;De Ronde Venen;736
Mijdrecht;3549;07-02-2012;;De Ronde Venen;736
Mijnsheerenland;2383;;;Binnenmaas;585
Mildam;2191;;;Heerenveen;74
Milheeze;2091;;;Gemert-Bakel;1652
Mill;1976;;;Mill en Sint Hubert;815
Millingen aan de Rijn;2289;;;Millingen aan de Rijn;265
Milsbeek;2479;;;Gennep;907
Minnertsga;3333;;;het Bildt;63
Mirns;1678;;;Gaasterlân-Sleat;653
Moddergat;3403;;;Dongeradeel;58
Moerdijk;1322;;;Moerdijk;1709
Moergestel;2647;;;Oisterwijk;824
Moerkapelle;1212;;;Zuidplas;1892;;
Moerstraten;1593;;;Roosendaal;1674;;
Molenaarsgraaf;1983;;;Graafstroom;693;;
Molenhoek;2802;;;Mook en Middelaar;944;;
Molenschot;2069;;;Gilze en Rijen;784;;
Molkwerum;1967;;;Nijefurd;104;;01-01-2011
Molkwerum;1967;;;Súdwest Fryslân;1900;01-01-2011;
Monnickendam;1944;;;Waterland;852;;
Monster;2659;;;Westland;1783;;
Montfoort;1964;;;Montfoort;335;;
Montfort;2592;;;Roerdalen;1669;;
Mook;2803;;;Mook en Middelaar;944;;
Mookhoek;2796;;;Strijen;617;;
Moordrecht;1244;;;Zuidplas;1892;;
Moorveld;1464;;;Meerssen;938;;
Morra;3404;;;Dongeradeel;58;;
Muiden;1518;;;Muiden;424
Muiderberg;1519;;;Muiden;424
Mûnein;2446;;;Tytsjerksteradiel;737
Munnekeburen;1725;;;Weststellingwerf;98
Munnekezijl;3312;;;Kollumerland en Nieuwkruisland;79
Munstergeleen;2816;;;Sittard-Geleen;1883
Muntendam;2278;;;Menterwolde;1987
Mussel;3077;;;Stadskanaal;37
Musselkanaal;3075;;;Stadskanaal;37
Naaldwijk;2660;;;Westland;1783
Naarden;1052;;;Naarden;425
Nagele;1278;;;Noordoostpolder;171
Nederasselt;3497;;;Heumen;252
Nederhemert;2633;;;Zaltbommel;297
Nederhorst den Berg;3003;;;Wijdemeren;1696
Nederland;2706;;;Steenwijkerland;1708
Nederweert;2037;;;Nederweert;946
Nederweert-Eind;2039;;;Nederweert;946
Neede;1656;;;Berkelland;1859
Neer;2952;;;Leudal;1640
Neerijnen;3363;;;Neerijnen;304
Neeritter;2953;;;Leudal;1640
Neerkant;1777;;;Deurne;762
Neerlangel;3261;;;Oss;828
Neerloon;3262;;;Oss;828
Nes;2531;;;Boarnsterhim;55
Nes;2588;;;Ameland;60
Nes;3405;;;Dongeradeel;58
Netersel;1068;;;Bladel;1728
Netterden;1583;;;Oude IJsselstreek;1509
Niawier;3406;;;Dongeradeel;58
Nibbixwoud;3153;;;Medemblik;420
Niebert;2264;;;Marum;25
Niehove;2121;;;Zuidhorn;56
Niekerk;2178;;;Grootegast;15
Niekerk;3422;;;De Marne;1663
Nietap;1642;;;Noordenveld;1699
Nieuw Annerveen;1171;;;Aa en Hunze;1680
Nieuw Beerta;1421;;;Oldambt;1895
Nieuw- en Sint Joosland;1009;;;Middelburg;687
Nieuw Heeten;1499;;;Raalte;177
Nieuw Namen;3093;;;Hulst;677
Nieuw Scheemda;1894;;;Oldambt;1895
Nieuwaal;2634;;;Zaltbommel;297
Nieuw-Amsterdam;1993;;;Emmen;114
Nieuw-Balinge;3018;;;Midden-Drenthe;1731
Nieuw-Beijerland;2887;;;Korendijk;588
Nieuw-Buinen;1797;;;Borger-Odoorn;1681
Nieuw-Dordrecht;1994;;;Emmen;114;;
Nieuwdorp;1259;;;Borsele;654;;
Nieuwe Niedorp;2518;;;Niedorp;412;;01-01-2012
Nieuwe Niedorp;2518;;;Hollands Kroon;1911;01-01-2012;
Nieuwe Pekela;1398;;;Pekela;765;;
Nieuwe Wetering;3037;;;Kaag en Braassem;1884;;
Nieuwebrug;2496;;;Skarsterlân;51;;
Nieuwediep;1172;;;Aa en Hunze;1680;;
Nieuwegein;1108;;;Nieuwegein;356;;
Nieuwehorne;2194;;;Heerenveen;74;;
Nieuwendijk;2216;;;Werkendam;870;;
Nieuwer Ter Aa;1394;;;Breukelen;311;;01-01-2011
Nieuwer Ter Aa;1394;;;Stichtse Vecht;1904;01-01-2011;
Nieuwerbrug aan den Rijn;2666;;;Bodegraven;497;;01-01-2011
Nieuwerbrug aan den Rijn;2666;;;Bodegraven-Reeuwijk;1901;01-01-2011;
Nieuwerkerk;2680;;;Schouwen-Duiveland;1676;;
Nieuwerkerk aan den IJssel;1016;;;Zuidplas;1892;;
Nieuweroord;1815;;;Hoogeveen;118;;
Nieuweroord;3017;;;Midden-Drenthe;1731;;
Nieuwersluis;2221;;;Loenen;329;;01-01-2011
Nieuwersluis;2221;;;Stichtse Vecht;1904;01-01-2011;
Nieuweschoot;2187;;;Heerenveen;74;;
Nieuwe-Tonge;3144;;;Middelharnis;559;;
Nieuwkoop;2667;;;Nieuwkoop;569;;
Nieuwkuijk;3502;;;Heusden;797;;
Nieuwland;2111;;;Zederik;707;;
Nieuwlande;1816;;;Hoogeveen;118;;
Nieuwlande Coevorden;2158;;;Coevorden;109;;
Nieuw-Lekkerland;2795;;;Nieuw-Lekkerland;571;;
Nieuwleusen;1239;;;Dalfsen;148;;
Nieuwolda;1896;;;Oldambt;1895;;
Nieuwpoort;1807;;;Liesveld;694;;
Nieuw-Roden;1643;;;Noordenveld;1699;;
Nieuw-Schoonebeek;1995;;;Emmen;114;;
Nieuwstadt;2047;;;Echt-Susteren;1711;;
Nieuwveen;2670;;;Nieuwkoop;569;;
Nieuw-Vennep;1602;;;Haarlemmermeer;394;;
Nieuwvliet;2969;;;Sluis;1714;;
Nieuw-Vossemeer;1404;;;Steenbergen;851;;
Nieuw-Weerdinge;1996;;;Emmen;114;;
Niezijl;2122;;;Zuidhorn;56;;
Niftrik;2569;;;Wijchen;296;;
Nigtevecht;2222;;;Loenen;329;;01-01-2011
Nigtevecht;2222;;;Stichtse Vecht;1904;01-01-2011;
Nij Altoenae;3330;;;het Bildt;63;;
Nij Beets;3352;;;Opsterland;86;;
Nijbroek;2607;;;Voorst;285;;
Nijeberkoop;1761;;;Ooststellingwerf;85;;
Nijega;3284;;;Smallingerland;90;;
Nijehaske;2497;;;Skarsterlân;51;;
Nijeholtpade;1726;;;Weststellingwerf;98;;
Nijeholtwolde;1727;;;Weststellingwerf;98;;
Nijelamer;1728;;;Weststellingwerf;98;;
Nijemirdum;1679;;;Gaasterlân-Sleat;653;;
Nijensleek;3116;;;Westerveld;1701;;
Nijetrijne;1729;;;Weststellingwerf;98;;
Nijeveen;1083;;;Meppel;119;;
Nijhuizum;1972;;;Nijefurd;104;;01-01-2011
Nijhuizum;1972;;;Súdwest Fryslân;1900;01-01-2011;
Nijkerk;2869;;;Nijkerk;267;;
Nijkerkerveen;2870;;;Nijkerk;267;;
Nijland;2414;;;Wymbritseradiel;683;;01-01-2011
Nijland;2414;;;Súdwest Fryslân;1900;01-01-2011;
Nijlande;1173;;;Aa en Hunze;1680;;
Nijmegen;3030;;;Nijmegen;268;;
Nijverdal;1042;;;Hellendoorn;163;;
Nispen;1591;;;Roosendaal;1674;;
Nisse;1260;;;Borsele;654;;
Nistelrode;3062;;;Bernheze;1721;;
Noardburgum;2450;;;Tytsjerksteradiel;737;;
Nooitgedacht;1174;;;Aa en Hunze;1680;;
Noorbeek;1696;;;Margraten;936;;01-01-2011
Noorbeek;1696;;;Eijsden-Margraten;1903;01-01-2011;
Noordbeemster;2171;;;Beemster;370;;
Noordbroek;2279;;;Menterwolde;1987;;
Noordeinde;1905;;;Graft-De Rijp;365;;
Noordeinde Gld;3070;;;Oldebroek;269;;
Noordeloos;1436;;;Giessenlanden;689;;
Noorden;2668;;;Nieuwkoop;569;;
Noordgouwe;2681;;;Schouwen-Duiveland;1676;;
Noordhoek;1325;;;Moerdijk;1709
Noordhorn;2123;;;Zuidhorn;56
Noordlaren;1268;;;Haren;17
Noord-Scharwoude;1118;;;Langedijk;416
Noordscheschut;1817;;;Hoogeveen;118
Noord-Sleen;2159;;;Coevorden;109
Noordwelle;2682;;;Schouwen-Duiveland;1676
Noordwijk;2061;;;Noordwijk;575
Noordwijk;2265;;;Marum;25
Noordwijkerhout;1927;;;Noordwijkerhout;576
Noordwolde;1730;;;Weststellingwerf;98
Noordwolde;2830;;;Bedum;5
Nootdorp;1142;;;Pijnacker-Nootdorp;1926
Norg;1644;;;Noordenveld;1699
Notter;1090;;;Wierden;189
Nuenen;2136;;;Nuenen, Gerwen en Nederwetten;820
Nuis;2266;;;Marum;25
Nuland;2748;;;Maasdonk;1671
Numansdorp;2372;;;Cromstrijen;611
Nunhem;2954;;;Leudal;1640
Nunspeet;2982;;;Nunspeet;302
Nuth;2358;;;Nuth;951
Nutter;1411;;;Dinkelland;1774
Obbicht;2817;;;Sittard-Geleen;1883
Obdam;1187;;;Koggenland;1598
Ochten;1097;;;Neder-Betuwe;1740
Odijk;2604;;;Bunnik;312
Odiliapeel;1849;;;Uden;856
Odoorn;1798;;;Borger-Odoorn;1681
Odoornerveen;1799;;;Borger-Odoorn;1681
Oeffelt;1219;;;Boxmeer;756
Oegstgeest;2744;;;Oegstgeest;579
Oene;1347;;;Epe;232;;
Oentsjerk;2443;;;Tytsjerksteradiel;737;;
Offingawier;2863;;;Sneek;91;;01-01-2011
Offingawier;2863;;01-01-2011;Súdwest Fryslân;1900;01-01-2011;
Offingawier;3506;01-01-2011;;Súdwest Fryslân;1900;;
Ohé en Laak;1923;;;Maasgouw;1641;;
Oijen;3470;;;Oss;828;;
Oirlo;2332;;;Venray;984;;
Oirsbeek;2101;;;Schinnen;962;;
Oirschot;1207;;;Oirschot;823;;
Oisterwijk;2646;;;Oisterwijk;824;;
Okkenbroek;2859;;;Deventer;150;;
Olburgen;1529;;;Bronckhorst;1876;;
Oldeberkoop;1762;;;Ooststellingwerf;85;;
Oldebroek;3071;;;Oldebroek;269;;
Oldeholtpade;1731;;;Weststellingwerf;98;;
Oldeholtwolde;1732;;;Weststellingwerf;98
Oldehove;2124;;;Zuidhorn;56
Oldekerk;2179;;;Grootegast;15
Oldelamer;1733;;;Weststellingwerf;98
Oldemarkt;2707;;;Steenwijkerland;1708
Oldenzaal;1668;;;Oldenzaal;173
Oldenzijl;3476;;;Eemsmond;1651
Oldeouwer;2498;;;Skarsterlân;51
Oldetrijne;1734;;;Weststellingwerf;98
Olst;1379;;;Olst-Wijhe;1773
Olterterp;3353;;;Opsterland;86
Ommel;2930;;;Asten;743
Ommen;2546;;;Ommen;175
Ommeren;3381;;;Buren;214
Onderdendam;2831;;;Bedum;5
Onna;2708;;;Steenwijkerland;1708
Onnen;1269;;;Haren;17
Onstwedde;3076;;;Stadskanaal;37
Ooij;2877;;;Ubbergen;282
Ooltgensplaat;2133;;;Oostflakkee;580
Oost West en Middelbeers;1208;;;Oirschot;823
Oostburg;2960;;;Sluis;1714
Oostdijk;3464;;;Reimerswaal;703
Oosteind;2957;;;Oosterhout;826
Oosterbeek;2990;;;Renkum;274
Oosterbierum;1375;;;Franekeradeel;70
Oosterblokker;1509;;;Drechterland;498
Oosterend;2614;;;Terschelling;93
Oosterend Nh;2742;;;Texel;448
Oosterhesselen;2160;;;Coevorden;109
Oosterhout;1869;;;Overbetuwe;1734
Oosterhout;2956;;;Oosterhout;826
Oosterland;2683;;;Schouwen-Duiveland;1676;;
Oosterleek;1510;;;Drechterland;498;;
Oosternieland;3477;;;Eemsmond;1651;;
Oosternijkerk;3407;;;Dongeradeel;58;;
Oosterstreek;1735;;;Weststellingwerf;98;;
Oosterwijk;2274;;;Leerdam;545;;
Oosterwijtwerd;3451;;;Loppersum;24;;
Oosterwolde;1763;;;Ooststellingwerf;85;;
Oosterwolde Gld;3072;;;Oldebroek;269;;
Oosterzee;2246;;;Lemsterland;82;;
Oost-Graftdijk;1906;;;Graft-De Rijp;365;;
Oost-Graftdijk;3554;24-04-2012;;Graft-de Rijp;365;;
Oosthem;2415;;;Wymbritseradiel;683;;01-01-2011
Oosthem;2415;;;Súdwest Fryslân;1900;01-01-2011;
Oosthuizen;1841;;;Zeevang;478;;
Oostkapelle;2781;;;Veere;717;;
Oostknollendam;2285;;;Wormerland;880
Oostrum;2333;;;Venray;984
Oostrum;3408;;;Dongeradeel;58
Oost-Souburg;1076;;;Vlissingen;718
Oostvoorne;1209;;;Westvoorne;614
Oostwold;1898;;;Oldambt;1895
Oostwold;2344;;;Leek;22
Oostwoud;3154;;;Medemblik;420
Oostzaan;2113;;;Oostzaan;431
Ootmarsum;1412;;;Dinkelland;1774
Opeinde;3285;;;Smallingerland;90
Opeinde;3524;reservering ingetrokken;;Smallingerland;90
Opende;2180;;;Grootegast;15
Ophemert;3364;;;Neerijnen;304
Opheusden;1098;;;Neder-Betuwe;1740
Opijnen;3365;;;Neerijnen;304
Oploo;2082;;;Sint Anthonis;1702;;
Opmeer;2791;;;Opmeer;432;;
Oppenhuizen;2416;;;Wymbritseradiel;683;;01-01-2011
Oppenhuizen;2416;;;Súdwest Fryslân;1900;01-01-2011;
Opperdoes;3155;;;Medemblik;420;;
Oranje;3019;;;Midden-Drenthe;1731;;
Oranjewoud;2189;;;Heerenveen;74;;
Orvelte;3020;;;Midden-Drenthe;1731;;
Ospel;2038;;;Nederweert;946;;
Oss;3249;;;Oss;828;;
Ossendrecht;1002;;;Woensdrecht;873;;
Ossenisse;3102;;;Hulst;677;;
Ossenwaard;2842;;;Vianen;620;;
Ossenzijl;2709;;;Steenwijkerland;1708;;
Oterleek;1888;;;Schermer;458;;
Otterlo;2767;;;Ede;228;;
Ottersum;2480;;;Gennep;907;;
Ottoland;1984;;;Graafstroom;693;;
Oud Ade;3038;;04-01-2012;Kaag en Braassem;1884;;
Oud Ade;3540;04-01-2012;;Kaag en Braassem;1884;;
Oud Annerveen;1175;;;Aa en Hunze;1680;;
Oud Gastel;1248;;;Halderberge;1655;;
Oud Ootmarsum;1413;;;Dinkelland;1774;;
Oud Zuilen;2066;;;Maarssen;333;;01-01-2011
Oud Zuilen;2066;;;Stichtse Vecht;1904;01-01-2011;
Oud-Alblas;1985;;;Graafstroom;693;;
Oud-Beijerland;2793;;;Oud-Beijerland;584;;
Ouddorp;2932;;;Goedereede;511;;
Oude Meer;1599;;;Haarlemmermeer;394;;
Oude Niedorp;2519;;;Niedorp;412;;01-01-2012
Oude Niedorp;2519;;;Hollands Kroon;1911;01-01-2012;
Oude Pekela;1397;;;Pekela;765;;
Oude Wetering;3039;;;Kaag en Braassem;1884;;
Oude Willem;3117;;;Westerveld;1701;;
Oudebildtzijl;3328;;;het Bildt;63;;
Oudega;1680;;;Gaasterlân-Sleat;653;;
Oudega;2417;;;Wymbritseradiel;683;;01-01-2011
Oudega;2417;;;Súdwest Fryslân;1900;01-01-2011;
Oudega;3286;;;Smallingerland;90;;
Oudehaske;2499;;;Skarsterlân;51;;
Oudehorne;2195;;;Heerenveen;74;;
Oudelande;1261;;;Borsele;654;;
Oudemirdum;1681;;;Gaasterlân-Sleat;653;;
Oudemolen;1320;;;Moerdijk;1709;;
Oudemolen;2917;;;Tynaarlo;1730;;
Oudenbosch;1246;;;Halderberge;1655;;
Oudendijk;1188;;;Koggenland;1598;;
Oudenhoorn;1388;;;Bernisse;568;;
Ouderkerk aan de Amstel;2129;;;Ouder-Amstel;437
Ouderkerk aan den IJssel;2373;;;Ouderkerk;644
Oudeschans;2233;;;Bellingwedde;7
Oudeschild;2743;;;Texel;448
Oudeschip;3478;;;Eemsmond;1651
Oudeschoot;2188;;;Heerenveen;74
Oudesluis;2763;;;Zijpe;476
Oude-Tonge;2134;;;Oostflakkee;580
Oudewater;1910;;;Oudewater;589
Oudezijl;1423;;;Oldambt;1895
Oudheusden;3519;01-09-2011;;Heusden;797
Oudkarspel;1119;;;Langedijk;416
Oudkarspel;3290;;;Harenkarspel;395
Oudorp;2350;;;Alkmaar;361
Oud-Vossemeer;2077;;;Tholen;716
Oudwoude;3313;;;Kollumerland en Nieuwkruisland;79
Ouwerkerk;2684;;;Schouwen-Duiveland;1676
Ouwsterhaule;2500;;;Skarsterlân;51
Ouwster-Nijega;2501;;;Skarsterlân;51
Overasselt;3496;;;Heumen;252
Overberg;3338;;;Utrechtse Heuvelrug;1581
Overdinkel;1715;;;Losser;168
Overlangel;3263;;;Oss;828
Overloon;1220;;;Boxmeer;756
Overschild;1354;;;Slochteren;40
Overslag;1132;;;Terneuzen;715
Overveen;2653;;;Bloemendaal;377
Ovezande;1262;;;Borsele;654
Paasloo;2710;;;Steenwijkerland;1708
Paesens;3409;;;Dongeradeel;58
Pannerden;2979;;;Rijnwaarden;196
Panningen;3443;;;Peel en Maas;1894
Papekop;1911;;;Oudewater;589;;
Papendrecht;1477;;;Papendrecht;590;;
Papenhoven;2818;;;Sittard-Geleen;1883;;
Papenvoort;1176;;;Aa en Hunze;1680;;
Parrega;2319;;;Wûnseradiel;710;;01-01-2011
Parrega;2319;;;Súdwest Fryslân;1900;01-01-2011;
Paterswolde;2910;;;Tynaarlo;1730;;
Peest;1645;;;Noordenveld;1699;;
Peins;1368;;;Franekeradeel;70;;
Peize;1646;;;Noordenveld;1699;;
Peperga;1736;;;Weststellingwerf;98;;
Pernis Rotterdam;3085;;;Rotterdam;599;;
Persingen;2878;;;Ubbergen;282;;
Pesse;1818;;;Hoogeveen;118;;
Pesse;3118;;;Westerveld;1701;;
Petten;2761;;;Zijpe;476;;
Philippine;1133;;;Terneuzen;715;;
Piaam;2320;;;Wûnseradiel;710;;01-01-2011
Piaam;2320;;;Súdwest Fryslân;1900;01-01-2011;
Piershil;2888;;;Korendijk;588;;
Pieterburen;3423;;;De Marne;1663;;
Pietersbierum;1374;;;Franekeradeel;70;;
Pieterzijl;2125;;;Zuidhorn;56;;
Pijnacker;1141;;;Pijnacker-Nootdorp;1926;;
Pingjum;2321;;;Wûnseradiel;710;;01-01-2011
Pingjum;2321;;;Súdwest Fryslân;1900;01-01-2011;
Plasmolen;2804;;;Mook en Middelaar;944;;
Poederoijen;2635;;;Zaltbommel;297;;
Poeldijk;2661;;;Westland;1783;;
Polsbroek;1962;;;Lopik;331;;
Poortugaal;2363;;;Albrandswaard;613;;
Poortvliet;2072;;;Tholen;716;;
Poppenwier;2533;;;Boarnsterhim;55
Posterholt;2593;;;Roerdalen;1669
Prinsenbeek;1705;;;Breda;758
Puiflijk;2906;;;Druten;225
Punthorst;1049;;;Staphorst;180
Purmer;1749;;;Edam-Volendam;385
Purmer;1946;;;Waterland;852
Purmerend;3103;;;Purmerend;439
Purmerland;1330;;;Landsmeer;415
Puth;2102;;;Schinnen;962
Putte;1003;;;Woensdrecht;873
Putten;2007;;;Putten;273
Puttershoek;2384;;;Binnenmaas;585
Raalte;1491;;;Raalte;177
Raamsdonk;1752;;;Geertruidenberg;779
Raamsdonksveer;1750;;;Geertruidenberg;779
Raard;3410;;;Dongeradeel;58;;
Radewijk;1559;;;Hardenberg;160;;
Radio Kootwijk;2252;;;Apeldoorn;200;;
Raerd;2534;;;Boarnsterhim;55;;
Randwijk;1870;;;Overbetuwe;1734;;
Ransdaal;1854;;;Voerendaal;986;;
Rasquert;2470;;;Winsum;53;;
Ravenstein;3254;;;Oss;828;;
Ravenswaaij;3382;;;Buren;214;;
Ravenswoud;1764;;;Ooststellingwerf;85;;
Readtsjerk;3272;;;Dantumadiel;1891;;
Reahûs;2028;;;Littenseradiel;140;;
Reduzum;2535;;;Boarnsterhim;55;;
Reek;1852;;;Landerd;1685;;
Reeuwijk;2476;;;Reeuwijk;595;;01-01-2011
Reeuwijk;2476;;;Bodegraven-Reeuwijk;1901;01-01-2011;
Reijmerstok;1227;;;Gulpen-Wittem;1729
Reitsum;3209;;;Ferwerderadiel;1722
Rekken;1663;;;Berkelland;1859
Renesse;2685;;;Schouwen-Duiveland;1676
Renkum;2991;;;Renkum;274
Renswoude;2141;;;Renswoude;339
Ressen;3137;;;Lingewaard;1705
Retranchement;2970;;;Sluis;1714
Reusel;1877;;;Reusel-De Mierden;1667
Reutum;1293;;;Tubbergen;183
Reuver;1949;;;Beesel;889
Rha;1528;;;Bronckhorst;1876
Rheden;1501;;;Rheden;275
Rhee;2393;;;Assen;106
Rheeze;1560;;;Hardenberg;160
Rheezerveen;1561;;;Hardenberg;160
Rhenen;1399;;;Rhenen;340
Rhenoy;3212;01-06-2010;14-12-2011;Geldermalsen;236
Rhenoy;3528;24-11-2011;;Geldermalsen;236
Rhoon;2362;;;Albrandswaard;613
Ridderkerk;2562;;;Ridderkerk;597
Ried;1370;;;Franekeradeel;70
Riel;2881;;;Goirle;785
Rien;2029;;;Littenseradiel;140
Riethoven;1459;;;Bergeijk;1724
Rietmolen;1657;;;Berkelland;1859
Rijen;2070;;;Gilze en Rijen;784
Rijkevoort;1221;;;Boxmeer;756
Rijkevoort-De Walsert;2087;;;Sint Anthonis;1702
Rijnsaterwoude;3040;;;Kaag en Braassem;1884
Rijnsburg;1708;;;Katwijk;537
Rijpwetering;3041;;;Kaag en Braassem;1884
Rijpwetering;3546;04-01-2012;;Kaag en Braassem;1884
Rijs;1682;;;Gaasterlân-Sleat;653
Rijsbergen;3490;;;Zundert;879
Rijsenhout;1601;;;Haarlemmermeer;394
Rijssen;1566;;;Rijssen-Holten;1742
Rijswijk;2459;;;Rijswijk;603
Rijswijk;3303;;;Woudrichem;874
Rijswijk (GLD);3383;;;Buren;214
Rilland;3465;;;Reimerswaal;703
Rinsumageast;3270;;;Dantumadiel;1891
Ritthem;1077;;;Vlissingen;718
Rockanje;1210;;;Westvoorne;614
Roden;1647;;;Noordenveld;1699
Roderesch;1648;;;Noordenveld;1699
Roderwolde;1649;;;Noordenveld;1699
Roelofarendsveen;3042;;;Kaag en Braassem;1884
Roermond;2281;;;Roermond;957
Rogat;1084;;;Meppel;119
Roggel;2955;;;Leudal;1640
Rohel;2502;;;Skarsterlân;51
Rolde;1177;;;Aa en Hunze;1680
Roodeschool;3479;;;Eemsmond;1651
Roosendaal;1588;;;Roosendaal;1674
Roosteren;2046;;;Echt-Susteren;1711
Rosmalen;1596;;;'s-Hertogenbosch;796
Rossum;1414;;;Dinkelland;1774
Rossum;1630;;;Maasdriel;263
Roswinkel;1997;;;Emmen;114
Rotstergaast;2503;;;Skarsterlân;51
Rotsterhaule;2504;;;Skarsterlân;51
Rotterdam;3086;;;Rotterdam;599
Rotterdam-Albrandswaard;2364;;;Albrandswaard;613
Rottevalle;3287;;;Smallingerland;90
Rottum;2505;;;Skarsterlân;51
Rottum;3480;;;Eemsmond;1651
Rouveen;1047;;;Staphorst;180
Rozenburg;1598;;;Haarlemmermeer;394
Rozenburg;2437;;;Rotterdam;599
Rozendaal;2927;;;Rozendaal;277
Rucphen;2581;;;Rucphen;840
Ruigahuizen;1683;;;Gaasterlân-Sleat;653
Ruinen;3119;;;Westerveld;1701
Ruinen;3169;;;De Wolden;1690
Ruinerwold;3170;;;De Wolden;1690
Rumpt;3215;;;Geldermalsen;236
Rutten;1282;;;Noordoostpolder;171
Ruurlo;1658;;;Berkelland;1859
Ryptsjerk;2445;;;Tytsjerksteradiel;737
's Gravenmoer;2800;;;Dongen;766;;
Saaksum;2126;;;Zuidhorn;56;;
Saasveld;1415;;;Dinkelland;1774;;
Saaxumhuizen;2471;;;Winsum;53;;
Sambeek;1222;;;Boxmeer;756;;
Sandfirden;2418;;;Wymbritseradiel;683;;01-01-2011
Sandfirden;2418;;;Súdwest Fryslân;1900;01-01-2011;
Santpoort-Noord;2837;;;Velsen;453;;
Santpoort-Zuid;2838;;;Velsen;453;;
Sappemeer;1021;;;Hoogezand-Sappemeer;18;;
Sas van Gent;1134;;;Terneuzen;715;;
Sassenheim;2003;;;Teylingen;1525;;
Sauwerd;2472;;;Winsum;53;;
Schagen;2460;;;Schagen;441;;
Schagerbrug;2756;;;Zijpe;476;;
Schaijk;1851;;;Landerd;1685;;
Schalkhaar;2860;;;Deventer;150;;
Schalkwijk;2056;;;Houten;321;;
Schalsum;1369;;;Franekeradeel;70;;
Schardam;1842;;;Zeevang;478;;
Scharendijke;2686;;;Schouwen-Duiveland;1676;;
Scharmer;1355;;;Slochteren;40;;
Scharnegoutum;2419;;;Wymbritseradiel;683;;01-01-2011
Scharnegoutum;2419;;;Súdwest Fryslân;1900;01-01-2011;
Scharsterbrug;2506;;;Skarsterlân;51;;
Scharwoude;1189;;;Koggenland;1598;;
Scheemda;1893;;;Oldambt;1895;;
Scheerwolde;2711;;;Steenwijkerland;1708;;
Schellinkhout;1511;;;Drechterland;498;;
Schelluinen;1437;;;Giessenlanden;689;;
Schermerhorn;1889;;;Schermer;458;;
Scherpenisse;2073;;;Tholen;716;;
Scherpenzeel;1737;;;Weststellingwerf;98;;
Scherpenzeel;2135;;;Scherpenzeel;279;;
Schettens;2322;;;Wûnseradiel;710;;01-01-2011
Schettens;2322;;;Súdwest Fryslân;1900;01-01-2011;
Scheulder;1697;;;Margraten;936;;01-01-2011
Scheulder;1697;;;Eijsden-Margraten;1903;01-01-2011;
Schiedam;1935;;;Schiedam;606;;
Schiermonnikoog;2428;;;Schiermonnikoog;88;;
Schijf;2582;;;Rucphen;840;;
Schijndel;2139;;;Schijndel;844;;
Schildwolde;1356;;;Slochteren;40;;
Schimmert;2360;;;Nuth;951;;
Schin op Geul;1717;;;Valkenburg aan de Geul;994;;
Schinnen;2103;;;Schinnen;962;;
Schinveld;2848;;;Onderbanken;881;;
Schipborg;1178;;;Aa en Hunze;1680;;
Schiphol;1618;;;Haarlemmermeer;394;;
Schiphol-Rijk;1604;;;Haarlemmermeer;394;;
Schipluiden;2805;;;Midden-Delfland;1842;;
Schokland;1277;;;Noordoostpolder;171;;
Schoondijke;2971;;;Sluis;1714;;
Schoonebeek;1998;;;Emmen;114;;
Schoonhoven;2390;;;Schoonhoven;608;;
Schoonloo;1179;;;Aa en Hunze;1680;;
Schoonoord;2161;;;Coevorden;109;;
Schoonrewoerd;2272;;;Leerdam;545;;
Schoorl;3045;;;Bergen (NH);373;;
Schore;1469;;;Kapelle;678;;
Schouwerzijl;3424;;;De Marne;1663;;
Schraard;2323;;;Wûnseradiel;710;;01-01-2011
Schraard;2323;;;Súdwest Fryslân;1900;01-01-2011;
Schuinesloot;1562;;;Hardenberg;160;;
Sebaldeburen;2181;;;Grootegast;15
Sellingen;2295;;;Vlagtwedde;48
Serooskerke;2687;;;Schouwen-Duiveland;1676
Serooskerke;2782;;;Veere;717
Sevenum;1515;;;Horst aan de Maas;1507
Sexbierum;1373;;;Franekeradeel;70
's-Graveland;3000;;;Wijdemeren;1696
's-Gravendeel;2380;;;Binnenmaas;585
's-Gravenhage;1245;;;'s-Gravenhage;518
's-Gravenpolder;1263;;;Borsele;654
's-Gravenzande;2662;;;Westland;1783
's-Heer Abtskerke;1264;;;Borsele;654
's-Heer Arendskerke;1822;;;Goes;664
's-Heer Hendrikskinderen;1823;;;Goes;664
's-Heerenberg;2206;;;Montferland;1955
's-Heerenbroek;2899;;;Kampen;166
's-Heerenhoek;1265;;;Borsele;654
's-Hertogenbosch;1595;;;'s-Hertogenbosch;796
's-Hertogenbosch;3559;reservering;;'s-Hertogenbosch;796
Sibculo;1563;;;Hardenberg;160
Sibculo;3324;;;Twenterand;1700
Sibrandabuorren;2536;;;Boarnsterhim;55
Sibrandahûs;3274;;;Dantumadiel;1891
Siddeburen;1357;;;Slochteren;40
Siebengewald;1123;;;Bergen (L);893
Siegerswoude;3354;;;Opsterland;86
Sijbekarspel;3156;;;Medemblik;420
Silvolde;1578;;;Oude IJsselstreek;1509
Simonshaven;1389;;;Bernisse;568
Simpelveld;3065;;;Simpelveld;965
Sinderen;1579;;;Oude IJsselstreek;1509
Sint Agatha;1454;;;Cuijk;1684
Sint Annen;1834;;;Ten Boer;9;;
Sint Anthonis;2083;;;Sint Anthonis;1702;;
Sint Geertruid;1698;;;Margraten;936;;01-01-2011
Sint Geertruid;1698;;;Eijsden-Margraten;1903;01-01-2011;
Sint Hubert;1977;;;Mill en Sint Hubert;815;;
Sint Jansklooster;2712;;;Steenwijkerland;1708;;
Sint Jansteen;3089;;;Hulst;677;;
Sint Joost;2044;;;Echt-Susteren;1711;;
Sint Kruis;2973;;;Sluis;1714;;
Sint Maarten;3291;;;Harenkarspel;395;;
Sint Maartensbrug;2759;;;Zijpe;476;;
Sint Maartensvlotbrug;2760;;;Zijpe;476;;
Sint Nicolaasga;2507;;;Skarsterlân;51;;
Sint Odiliënberg;2594;;;Roerdalen;1669;;
Sint Pancras;1115;;;Langedijk;416;;
Sint Philipsland;2078;;;Tholen;716;;
Sint-Annaland;2076;;;Tholen;716;;
Sintjohannesga;2508;;;Skarsterlân;51;;
Sint-Maartensdijk;2074;;;Tholen;716;;
Sint-Michielsgestel;2060;;;Sint-Michielsgestel;845;;
Sint-Oedenrode;2787;;;Sint-Oedenrode;846;;
Sirjansland;2688;;;Schouwen-Duiveland;1676;;
Sittard;2819;;10-05-2011;Sittard-Geleen;1883;;
Sittard;3512;01-01-2011;;Sittard-Geleen;1883;;
Skingen;2732;;;Menaldumadeel;83;;01-01-2011
Skingen;2732;;;Menameradiel;1908;01-01-2011;
Slagharen;1564;;;Hardenberg;160;;
Slappeterp;2733;;;Menaldumadeel;83;;01-01-2011
Slappeterp;2733;;;Menameradiel;1908;01-01-2011;
Sleen;2162;;;Coevorden;109;;
Sleeuwijk;2217;;;Werkendam;870;;
Slenaken;1229;;;Gulpen-Wittem;1729;;
Sliedrecht;2438;;;Sliedrecht;610;;
Slijkenburg;1738;;;Weststellingwerf;98;;
Slijk-Ewijk;1871;;;Overbetuwe;1734;;
Slochteren;1358;;;Slochteren;40;;
Slootdorp;2435;;;Wieringermeer;463;;01-01-2012
Slootdorp;2435;;;Hollands Kroon;1911;01-01-2012;
Sloten;1684;;;Gaasterlân-Sleat;653;;
Sluis;2962;;;Sluis;1714;;
Sluiskil;1135;;;Terneuzen;715;;
Smakt;2334;;;Venray;984;;
Smalle Ee;3288;;;Smallingerland;90;;
Smallebrugge;2420;;;Wymbritseradiel;683;;01-01-2011
Smallebrugge;2420;;;Súdwest Fryslân;1900;01-01-2011;
Smilde;2457;;;Assen;106;;
Smilde;3021;;;Midden-Drenthe;1731;;
Snakkerburen;1200;;;Leeuwarden;80;;
Sneek;2861;;;Sneek;91;;01-01-2011
Sneek;2861;;01-01-2011;Súdwest Fryslân;1900;01-01-2011;
Sneek;3504;01-01-2011;;Súdwest Fryslân;1900;;
Snelrewaard;1912;;;Oudewater;589;;
Snikzwaag;2509;;;Skarsterlân;51;;
Soerendonk;1569;;;Cranendonck;1706;;
Soest;1013;;;Soest;342;;
Soesterberg;1014;;;Soest;342;;
Someren;2745;;;Someren;847;;
Sommelsdijk;3145;;;Middelharnis;559;;
Son;2599;;;Son en Breugel;848;;
Son en Breugel;3520;26-07-2011;;Son en Breugel;848;;
Sondel;1685;;;Gaasterlân-Sleat;653;;
Sonnega;1739;;;Weststellingwerf;98;;
Spaarndam;2642;;05-01-2012;Haarlemmerliede en Spaarnwoude;393;;
Spaarndam;3534;05-01-2012;;Haarlemmerliede en Spaarnwoude;393;;
Spaarndam gem. Haarlem;2908;;;Haarlem;392
Spanbroek;2792;;;Opmeer;432
Spanga;1740;;;Weststellingwerf;98
Spankeren;1505;;;Rheden;275
Spannum;2030;;;Littenseradiel;140
Spaubeek;1671;;;Beek;888
Spier;3022;;;Midden-Drenthe;1731
Spier;3120;;;Westerveld;1701
Spierdijk;1190;;;Koggenland;1598
Spijk;2356;;;Lingewaal;733
Spijk;2980;;;Rijnwaarden;196
Spijk;3241;;;Delfzijl;10
Spijkenisse;3032;;;Spijkenisse;612
Spijkerboor;1180;;;Aa en Hunze;1680
Spijkerboor;2286;;;Wormerland;880
Sprang-Capelle;2596;;;Waalwijk;867
Sprundel;2583;;;Rucphen;840;;
Spui;1136;;;Terneuzen;715;;
St. Willebrord;2584;;;Rucphen;840;;
St.-Annaparochie;3331;;;het Bildt;63;;
St.-Jacobiparochie;3332;;;het Bildt;63;;
Stad aan 't Haringvliet;3146;;;Middelharnis;559;;
Stadskanaal;3074;;;Stadskanaal;37;;
Stampersgat;1247;;;Halderberge;1655;;
Standdaarbuiten;1324;;;Moerdijk;1709;;
Staphorst;1046;;;Staphorst;180;;
Starnmeer;1907;;;Graft-De Rijp;365;;
Starnmeer;3555;24-04-2012;;Graft-de Rijp;365;;
Startenhuizen;3452;;;Loppersum;24;;
Startenhuizen;3481;;;Eemsmond;1651;;
Stavenisse;2075;;;Tholen;716;;
Stavoren;1969;;;Nijefurd;104;;01-01-2011
Stavoren;1969;;;Súdwest Fryslân;1900;01-01-2011
Stedum;3453;;;Loppersum;24;
Steenbergen;1405;;;Steenbergen;851;
Steenbergen;1650;;;Noordenveld;1699;
Steendam;1359;;;Slochteren;40;
Steenderen;1526;;;Bronckhorst;1876;
Steenenkamer;2608;;;Voorst;285;
Steensel;2995;;;Eersel;770;
Steenwijk;2713;;;Steenwijkerland;1708;
Steenwijkerwold;2714;;;Steenwijkerland;1708;
Stegeren;2553;;;Ommen;175;
Steggerda;1741;;;Weststellingwerf;98;
Stein;1913;;;Stein;971;
Stellendam;2933;;;Goedereede;511;
Sterksel;1316;;;Heeze-Leende;1658;
Stevensbeek;2084;;;Sint Anthonis;1702;
Stevensweert;1922;;;Maasgouw;1641
Steyl;1475;;;Venlo;983
Stieltjeskanaal;2163;;;Coevorden;109
Stiens;3230;;;Leeuwarderadeel;81
Stitswerd;3482;;;Eemsmond;1651
Stokkum;2210;;;Montferland;1955
Stolwijk;2388;;;Vlist;623
Stompetoren;1890;;;Schermer;458
Stoutenburg;2639;;;Leusden;327
Stoutenburg Noord;1667;;;Amersfoort;307
Stramproy;1975;;;Weert;988
Streefkerk;1805;;;Liesveld;694
Striep;2620;;;Terschelling;93
Strijbeek;3435;;;Alphen-Chaam;1723
Strijen;2797;;;Strijen;617
Strijensas;2798;;;Strijen;617
Stroe;1059;;;Barneveld;203
Stroobos;3180;;;Achtkarspelen;59
Stuifzand;1819;;;Hoogeveen;118
Stuifzand;3023;;;Midden-Drenthe;1731
Sumar;2453;;;Tytsjerksteradiel;737
Surhuisterveen;3181;;;Achtkarspelen;59
Surhuizum;3182;;;Achtkarspelen;59
Susteren;2045;;;Echt-Susteren;1711
Suwâld;2448;;;Tytsjerksteradiel;737
Swalmen;2283;;;Roermond;957
Sweikhuizen;2104;;;Schinnen;962
Swichum;1204;;;Leeuwarden;80
Swifterbant;2431;;;Dronten;303
Swolgen;1859;;;Horst aan de Maas;1507
t Zandt;3458;;;Loppersum;24
Taarlo;2918;;;Tynaarlo;1730
Teeffelen;3472;;;Oss;828
Teerns;1203;;;Leeuwarden;80
Tegelen;1474;;;Venlo;983
Ten Boer;1829;;;Ten Boer;9
Ten Post;1830;;;Ten Boer;9
Ter Aar;2673;;;Nieuwkoop;569
Ter Aard;2394;;;Assen;106
Ter Apel;2296;;;Vlagtwedde;48
Ter Apelkanaal;2297;;;Vlagtwedde;48
Ter Heijde;2663;;;Westland;1783
Ter Idzard;1742;;;Weststellingwerf;98
Terband;2182;;;Heerenveen;74
Terborg;1577;;;Oude IJsselstreek;1509
Terheijden;2578;;;Drimmelen;1719
Terherne;2537;;;Boarnsterhim;55
Terhole;3096;;;Hulst;677
Terkaple;2510;;;Skarsterlân;51
Termunten;3242;;;Delfzijl;10
Termunterzijl;3243;;;Delfzijl;10
Ternaard;3411;;;Dongeradeel;58
Terneuzen;1137;;;Terneuzen;715
Teroele;2511;;;Skarsterlân;51
Terschuur;1058;;;Barneveld;203
Tersoal;2538;;;Boarnsterhim;55
Terwispel;3355;;;Opsterland;86
Terwolde;2609;;;Voorst;285
Teteringen;1706;;;Breda;758
Teuge;2610;;;Voorst;285
Thesinge;1832;;;Ten Boer;9
Tholen;2071;;;Tholen;716
Thorn;1916;;;Maasgouw;1641
Tiel;2557;;;Tiel;281
Tiendeveen;1820;;;Hoogeveen;118;;
Tiendeveen;3024;;;Midden-Drenthe;1731;;
Tienhoven;2065;;;Maarssen;333;;01-01-2011
Tienhoven;2065;;;Stichtse Vecht;1904;01-01-2011;
Tienhoven;2107;;;Zederik;707;;
Tienray;1860;;;Horst aan de Maas;1507;;
Tijnje;3356;;;Opsterland;86;;
Tilburg;1043;;;Tilburg;855;;
Tilligte;1416;;;Dinkelland;1774;;
Tinallinge;2473;;;Winsum;53;;
Tinte;1211;;;Westvoorne;614;;
Tirns;2421;;;Wymbritseradiel;683;;01-01-2011
Tirns;2421;;;Súdwest Fryslân;1900;01-01-2011;
Tjalhuizum;2422;;;Wymbritseradiel;683;;01-01-2011
Tjalhuizum;2422;;;Súdwest Fryslân;1900;01-01-2011;
Tjalleberd;2184;;;Heerenveen;74;;
Tjerkgaast;2512;;;Skarsterlân;51;;
Tjerkwerd;2324;;;Wûnseradiel;710;;01-01-2011
Tjerkwerd;2324;;;Súdwest Fryslân;1900;01-01-2011;
Tjuchem;1360;;;Slochteren;40;;
Tolbert;2345;;;Leek;22;;
Toldijk;1531;;;Bronckhorst;1876;;
Tolkamer;2981;;;Rijnwaarden;196;;
Tollebeek;1279;;;Noordoostpolder;171;;
Tonden;1110;;;Brummen;213;;
Toornwerd;3454;;;Loppersum;24;;
Tricht;3220;01-06-2010;14-12-2011;Geldermalsen;236;;
Tricht;3531;24-11-2011;;Geldermalsen;236;;
Triemen;3314;;;Kollumerland en Nieuwkruisland;79;;
Tripscompagnie;2276;;;Menterwolde;1987;;
Tubbergen;1294;;;Tubbergen;183;;
Tuil;3366;;;Neerijnen;304;;
Tuitjenhorn;3292;;;Harenkarspel;395
Tuk;2715;;;Steenwijkerland;1708
Tull en 't Waal;2055;;;Houten;321
Twello;2611;;;Voorst;285
Twijzel;3183;;;Achtkarspelen;59
Twijzelerheide;3184;;;Achtkarspelen;59
Twisk;3157;;;Medemblik;420
Tynaarlo;2919;;;Tynaarlo;1730
Tytsjerk;2447;;;Tytsjerksteradiel;737
Tzum;1362;;;Franekeradeel;70
Tzummarum;1377;;;Franekeradeel;70
Ubbena;2395;;;Assen;106
Ubbergen;2879;;;Ubbergen;282
Uddel;2255;;;Apeldoorn;200
Uden;1847;;;Uden;856
Udenhout;1045;;;Tilburg;855
Uffelte;3121;;;Westerveld;1701;;
Ugchelen;2256;;;Apeldoorn;200;;
Uitdam;1947;;;Waterland;852;;
Uitgeest;2755;;;Uitgeest;450;;
Uithoorn;2062;;;Uithoorn;451;;
Uithuizen;3483;;;Eemsmond;1651;;
Uithuizermeeden;3484;;;Eemsmond;1651;;
Uitwellingerga;2423;;;Wymbritseradiel;683;;01-01-2011
Uitwellingerga;2423;;;Súdwest Fryslân;1900;01-01-2011;
Uitwijk;3304;;;Woudrichem;874;;
Ulestraten;1465;;;Meerssen;938;;
Ulft;1580;;;Oude IJsselstreek;1509;;
Ulicoten;2884;;;Baarle-Nassau;744;;
Ulrum;3425;;;De Marne;1663;;
Ulvenhout;1704;;;Breda;758;;
Ulvenhout AC;3436;;;Alphen-Chaam;1723;;
Ureterp;3357;;;Opsterland;86
Urk;2143;;;Urk;184
Urmond;1915;;;Stein;971
Ursem;1191;;;Koggenland;1598
Ursem gem. S;1891;;;Schermer;458
Usquert;3485;;;Eemsmond;1651
Utrecht;3295;;;Utrecht;344
Vaals;1429;;;Vaals;981
Vaassen;1345;;;Epe;232
Valburg;1872;;;Overbetuwe;1734
Valkenburg;1709;;;Katwijk;537
Valkenburg;1718;;;Valkenburg aan de Geul;994
Valkenswaard;1100;;;Valkenswaard;858
Valthe;1800;;;Borger-Odoorn;1681
Valthermond;1801;;;Borger-Odoorn;1681
Varik;3367;;;Neerijnen;304
Varsselder;1582;;;Oude IJsselstreek;1509
Varsseveld;1574;;;Oude IJsselstreek;1509
Vasse;1295;;;Tubbergen;183
Veelerveen;2234;;;Bellingwedde;7
Veen;1956;;;Aalburg;738
Veendam;1240;;;Veendam;47
Veenendaal;2048;;;Veenendaal;345
Veenhuizen;1651;;;Noordenveld;1699
Veeningen;3171;;;De Wolden;1690
Veenklooster;3315;;;Kollumerland en Nieuwkruisland;79
Veenoord;1999;;;Emmen;114
Veere;2783;;;Veere;717
Veessen;2866;;;Heerde;246
Vegelinsoord;2513;;;Skarsterlân;51
Veghel;2827;;;Veghel;860
Velddriel;1631;;;Maasdriel;263
Velden;3142;;;Venlo;983
Veldhoven;1384;;;Veldhoven;861
Velp;1500;;;Rheden;275
Velp;3198;;;Grave;786
Velsen-Noord;2833;;30-01-2012;Velsen;453
Velsen-Noord;3538;16-01-2012;;Velsen;453
Velsen-Zuid;2834;;31-01-2012;Velsen;453
Velsen-Zuid;3536;16-01-2012;;Velsen;453
Velserbroek;2839;;;Velsen;453
Venebrugge;1565;;;Hardenberg;160
Venhorst;3139;;;Boekel;755
Venhuizen;1512;;;Drechterland;498
Venlo;1473;;;Venlo;983
Venray;2335;;;Venray;984
Ven-Zelderheide;2481;;;Gennep;907
Vessem;2996;;;Eersel;770
Vethuizen;2211;;;Montferland;1955
Veulen;2336;;;Venray;984
Vianen;2843;;;Vianen;620
Vianen NB;1455;;;Cuijk;1684
Vierakker;1532;;;Bronckhorst;1876
Vierhouten;2985;;;Nunspeet;302
Vierhuizen;3426;;;De Marne;1663
Vierlingsbeek;1223;;;Boxmeer;756
Vierpolders;2369;;;Brielle;501
Vijfhuizen;1613;;;Haarlemmermeer;394
Vijlen;1431;;;Vaals;981
Vilsteren;2554;;;Ommen;175
Vinkega;1743;;;Weststellingwerf;98
Vinkel;2749;;;Maasdonk;1671
Vinkel;3063;;;Bernheze;1721
Vinkenbuurt;2555;;;Ommen;175
Vinkeveen;1930;;07-02-2012;De Ronde Venen;736
Vinkeveen;3550;07-02-2012;;De Ronde Venen;736
Visvliet;2127;;;Zuidhorn;56
Vlaardingen;1015;;;Vlaardingen;622
Vlagtwedde;2298;;;Vlagtwedde;48
Vledder;3122;;;Westerveld;1701
Vledderveen;3078;;;Stadskanaal;37
Vledderveen;3123;;;Westerveld;1701
Vleuten;3296;;;Utrecht;344
Vlieland;3299;;;Vlieland;96
Vlierden;1775;;;Deurne;762
Vlijmen;3503;;;Heusden;797
Vlissingen;1078;;;Vlissingen;718
Vlist;2389;;;Vlist;623
Vlodrop;2595;;;Roerdalen;1669
Voerendaal;1855;;;Voerendaal;986
Vogelenzang;2651;;;Bloemendaal;377
Vogelwaarde;3095;;;Hulst;677
Volendam;1748;;;Edam-Volendam;385
Volkel;1848;;;Uden;856
Vollenhove;2716;;;Steenwijkerland;1708
Vondelingenplaat Rotterdam;3087;;;Rotterdam;599
Voorburg;1622;;;Leidschendam-Voorburg;1916
Voorhout;2004;;;Teylingen;1525
Voorschoten;3231;;;Voorschoten;626
Voorst;1586;;;Oude IJsselstreek;1509
Voorst;2612;;;Voorst;285
Voorthuizen;1055;;;Barneveld;203
Vorchten;2867;;;Heerde;246
Vorden;1534;;;Bronckhorst;1876
Vorstenbosch;3064;;;Bernheze;1721
Vortum-Mullem;1224;;;Boxmeer;756
Vragender;2226;;;Oost Gelre;1586;;
Vredenheim;1181;;;Aa en Hunze;1680;;
Vredepeel;2337;;;Venray;984;;
Vreeland;2223;;;Loenen;329;;01-01-2011
Vreeland;2223;;04-01-2012;Stichtse Vecht;1904;01-01-2011;
Vreeland;3525;04-01-2012;;Stichtse Vecht;1904;;
Vries;2912;;;Tynaarlo;1730;;
Vriescheloo;2235;;;Bellingwedde;7;;
Vriezenveen;3325;;;Twenterand;1700;;
Vroomshoop;3326;;;Twenterand;1700;;
Vrouwenakker;2672;;;Nieuwkoop;569;;
Vrouwenparochie;3334;;;het Bildt;63;;
Vrouwenpolder;2784;;;Veere;717;;
Vught;1619;;;Vught;865;;
Vuren;2357;;;Lingewaal;733;;
Waaksens;2031;;;Littenseradiel;140;;
Waal;1809;;;Liesveld;694;;
Waalre;1006;;;Waalre;866;;
Waalwijk;2597;;;Waalwijk;867;;
Waarde;3466;;;Reimerswaal;703;;
Waardenburg;3368;;;Neerijnen;304;;
Waarder;2478;;;Reeuwijk;595;;01-01-2011
Waarder;2478;;;Bodegraven-Reeuwijk;1901;01-01-2011;
Waardhuizen;3305;;;Woudrichem;874;;
Waarland;3293;;;Harenkarspel;395;;
Waaxens;3412;;;Dongeradeel;58;;
Wachtum;2165;;;Coevorden;109;;
Waddinxveen;3051;;;Waddinxveen;627;;
Wadenoijen;2559;;;Tiel;281;;
Wagenberg;2579;;;Drimmelen;1719;;
Wagenborgen;3244;;;Delfzijl;10;;
Wageningen;2006;;;Wageningen;289;;
Walem;1719;;;Valkenburg aan de Geul;994
Walsoorden;3101;;;Hulst;677
Wâlterswâld;3269;;;Dantumadiel;1891
Wamel;1773;;;West Maas en Waal;668
Wanneperveen;2717;;;Steenwijkerland;1708
Wanroij;2085;;;Sint Anthonis;1702
Wanssum;1861;;;Venray;984
Wânswert;3210;;;Ferwerderadiel;1722
Wapenveld;2868;;;Heerde;246
Wapse;3124;;;Westerveld;1701
Wapserveen;3125;;;Westerveld;1701
Warder;1843;;;Zeevang;478
Warffum;3486;;;Eemsmond;1651
Warfhuizen;3427;;;De Marne;1663
Warfstermolen;3316;;;Kollumerland en Nieuwkruisland;79
Warmenhuizen;3294;;;Harenkarspel;395
Warmond;2005;;21-12-2011;Teylingen;1525;;
Warmond;3542;20-12-2011;;Teylingen;1525;;
Warns;1971;;;Nijefurd;104;;01-01-2011
Warns;1971;;;Súdwest Fryslân;1900;01-01-2011;
Warnsveld;1396;;;Zutphen;301;;
Warstiens;2540;;;Boarnsterhim;55;;
Warten;2541;;;Boarnsterhim;55;;
Waskemeer;1765;;;Ooststellingwerf;85;;
Waspik;2598;;;Waalwijk;867;;
Wassenaar;1821;;;Wassenaar;629;;
Wateren;3126;;;Westerveld;1701;;
Watergang;1945;;;Waterland;852;;
Waterhuizen;1022;;;Hoogezand-Sappemeer;18;;
Wateringen;2664;;;Westland;1783;;
Waterlandkerkje;2963;;;Sluis;1714;;
Waverveen;1933;;07-02-2012;De Ronde Venen;736;;
Waverveen;3551;07-02-2012;;De Ronde Venen;736
Wedde;2236;;;Bellingwedde;7
Weerselo;1417;;;Dinkelland;1774
Weert;1974;;;Weert;988
Weesp;1012;;;Weesp;457
Wehe-den Hoorn;3428;;;De Marne;1663
Wehl;3248;;;Doetinchem;222
Wehl;3522;reservering;;Doetinchem;222
Weidum;2032;;;Littenseradiel;140
Weiteveen;2000;;;Emmen;114
Wekerom;2771;;;Ede;228
Well;1632;;;Maasdriel;263
Well L;1124;;;Bergen (L);893
Wellerlooi;1125;;;Bergen (L);893
Welsum;1382;;;Olst-Wijhe;1773
Wemeldinge;1470;;;Kapelle;678
Wenum Wiesel;2253;;;Apeldoorn;200;;
Wergea;2539;;;Boarnsterhim;55;;
Werkendam;2218;;;Werkendam;870;;
Werkhoven;2605;;;Bunnik;312;;
Wernhout;3491;;;Zundert;879;;
Wervershoof;1106;;;Medemblik;420;01-01-2011;
Wervershoof;1106;;;Wervershoof;459;;01-01-2011
Wesepe;1381;;;Olst-Wijhe;1773;;
Wessem;1919;;;Maasgouw;1641;;
Westbeemster;2172;;;Beemster;370;;
Westbroek;2939;;;De Bilt;310;;
Westdorp;1802;;;Borger-Odoorn;1681;;
Westdorpe;1138;;;Terneuzen;715;;
Westendorp;1575;;;Oude IJsselstreek;1509;;
Westerbeek;2086;;;Sint Anthonis;1702;;
Westerbork;3025;;;Midden-Drenthe;1731;;
Westerbroek;1023;;;Hoogezand-Sappemeer;18;;
Westeremden;3455;;;Loppersum;24;;
Westergeest;3317;;;Kollumerland en Nieuwkruisland;79;;
Westerhaar-Vriezenveensewijk;3327;;;Twenterand;1700;;
Westerhoven;1460;;;Bergeijk;1724;;
Westerland;1490;;;Wieringen;462;;01-01-2012
Westerland;1490;;;Hollands Kroon;1911;01-01-2012;
Westerlee;1900;;;Oldambt;1895;;
Westernieland;3429;;;De Marne;1663;;
Westervelde;1652;;;Noordenveld;1699;;
Westervoort;1936;;;Westervoort;293;;
Westerwijtwerd;3456;;;Loppersum;24;;
West-Graftdijk;1908;;;Graft-De Rijp;365;;
Westhem;2424;;;Wymbritseradiel;683;;01-01-2011
Westhem;2424;;;Súdwest Fryslân;1900;01-01-2011;
Westhoek;3329;;;het Bildt;63;;
Westkapelle;2785;;;Veere;717;;
Westknollendam;1881;;;Zaanstad;479;;
Westmaas;2385;;;Binnenmaas;585;;
West-Terschelling;2625;;;Terschelling;93;;
Westwoud;1513;;;Drechterland;498;;
Westzaan;1882;;;Zaanstad;479;;
Wetering;2718;;;Steenwijkerland;1708;;
Weteringbrug;1606;;;Haarlemmermeer;394;;
Wetsens;3413;;;Dongeradeel;58;;
Wetsinge;2474;;;Winsum;53;;
Weurt;2750;;;Beuningen;209;;
Wezep;3073;;;Oldebroek;269;;
Wezup;2166;;;Coevorden;109;;
Wezuperbrug;2167;;;Coevorden;109;;
Wichmond;1533;;;Bronckhorst;1876;;
Wier;2734;;;Menaldumadeel;83;;01-01-2011
Wier;2734;;;Menameradiel;1908;01-01-2011;
Wierden;1087;;;Wierden;189;;
Wieringerwaard;3187;;;Anna Paulowna;366;;01-01-2012
Wieringerwaard;3187;;;Hollands Kroon;1911;01-01-2012;
Wieringerwerf;2436;;;Wieringermeer;463;;01-01-2012
Wieringerwerf;2436;;;Hollands Kroon;1911;01-01-2012;
Wierum;3414;;;Dongeradeel;58;;
Wijchen;2564;;;Wijchen;296;;
Wijckel;1686;;;Gaasterlân-Sleat;653;;
Wijdenes;1514;;;Drechterland;498;;
Wijdewormer;2288;;;Wormerland;880;;
Wijhe;1380;;;Olst-Wijhe;1773;;
Wijk aan Zee;2736;;;Beverwijk;375;;
Wijk aan Zee;3552;reservering;;Beverwijk;375;;
Wijk bij Duurstede;1302;;;Wijk bij Duurstede;352;;
Wijk en Aalburg;1957;;;Aalburg;738;;
Wijlre;1236;;;Gulpen-Wittem;1729
Wijnaldum;2893;;;Harlingen;72
Wijnandsrade;2361;;;Nuth;951
Wijnbergen;2212;;;Montferland;1955
Wijngaarden;1986;;;Graafstroom;693
Wijnjewoude;3358;;;Opsterland;86
Wijster;3026;;;Midden-Drenthe;1731
Wilbertoord;1979;;;Mill en Sint Hubert;815
Wildervank;1241;;;Veendam;47
Wilhelminadorp;1827;;;Goes;664
Wilhelminaoord;3127;;;Westerveld;1701
Willemsoord;2719;;;Steenwijkerland;1708
Willemstad;1317;;;Moerdijk;1709
Wilnis;1931;;;De Ronde Venen;736
Wilp;2613;;;Voorst;285
Wilsum;2898;;;Kampen;166
Winde;2920;;;Tynaarlo;1730;;
Windraak;2820;;;Sittard-Geleen;1883;;
Winkel;2521;;;Niedorp;412;;01-01-2012
Winkel;2521;;;Hollands Kroon;1911;01-01-2012;
Winneweer;1836;;;Ten Boer;9;;
Winschoten;1471;;;Oldambt;1895;;
Winssen;2753;;;Beuningen;209;;
Winsum;2033;;;Littenseradiel;140;;
Winsum;2475;;;Winsum;53;;
Wintelre;2997;;;Eersel;770;;
Winterswijk;1478;;;Winterswijk;294;;
Winterswijk Brinkheurne;1486;;;Winterswijk;294;;
Winterswijk Corle;1487;;;Winterswijk;294;;
Winterswijk Henxel;1485;;;Winterswijk;294;;
Winterswijk Huppel;1480;;;Winterswijk;294;;
Winterswijk Kotten;1482;;;Winterswijk;294;;
Winterswijk Meddo;1479;;;Winterswijk;294;;
Winterswijk Miste;1484;;;Winterswijk;294;;
Winterswijk Ratum;1481;;;Winterswijk;294;;
Winterswijk Woold;1483;;;Winterswijk;294;;
Wirdum;1205;;05-01-2012;Leeuwarden;80;;
Wirdum;3457;;;Loppersum;24;;
Wirdum;3545;05-01-2012;;Leeuwarden;80;;
Wissenkerke;3191;;;Noord-Beveland;1695;;
Witharen;2556;;;Ommen;175;;
Witmarsum;2325;;;Wûnseradiel;710;;01-01-2011
Witmarsum;2325;;;Súdwest Fryslân;1900;01-01-2011;
Witte Paarden;2720;;;Steenwijkerland;1708;;
Wittelte;3128;;;Westerveld;1701;;
Wittem;1233;;;Gulpen-Wittem;1729;;
Witteveen;3027;;;Midden-Drenthe;1731;;
Wiuwert;2034;;;Littenseradiel;140;;
Wjelsryp;2035;;;Littenseradiel;140;;
Woensdrecht;1004;;;Woensdrecht;873;;
Woerden;1071;;;Woerden;632;;
Woerdense Verlaat;2669;;;Nieuwkoop;569;;
Wognum;3158;;;Medemblik;420;;
Woldendorp;3245;;;Delfzijl;10;;
Wolfheze;2989;;;Renkum;274;;
Wolphaartsdijk;1828;;;Goes;664;;
Wolsum;2425;;;Wymbritseradiel;683;;01-01-2011
Wolsum;2425;;;Súdwest Fryslân;1900;01-01-2011;
Woltersum;1833;;;Ten Boer;9;;
Wolvega;1744;;;Weststellingwerf;98;;
Wommels;2036;;;Littenseradiel;140;;
Wons;2326;;;Wûnseradiel;710;;01-01-2011
Wons;2326;;;Súdwest Fryslân;1900;01-01-2011;
Workum;1965;;;Nijefurd;104;;01-01-2011
Workum;1965;;;Súdwest Fryslân;1900;01-01-2011;
Wormer;2287;;;Wormerland;880;;
Wormerveer;1883;;;Zaanstad;479;;
Woubrugge;3043;;;Kaag en Braassem;1884;;
Woudbloem;1361;;;Slochteren;40;;
Woudenberg;2523;;;Woudenberg;351;;
Woudrichem;3306;;;Woudrichem;874;;
Woudsend;2426;;;Wymbritseradiel;683;;01-01-2011
Woudsend;2426;;;Súdwest Fryslân;1900;01-01-2011;
Wouw;1589;;;Roosendaal;1674;;
Wouwse Plantage;1592;;;Roosendaal;1674;;
Wyns;2442;;;Tytsjerksteradiel;737;;
Wytgaard;1206;;;Leeuwarden;80;;
Yde;2921;;;Tynaarlo;1730;;
Yerseke;3467;;;Reimerswaal;703;;
Ypecolsga;2427;;;Wymbritseradiel;683;;01-01-2011
Ypecolsga;2427;;;Súdwest Fryslân;1900;01-01-2011;
Ysbrechtum;2864;;;Sneek;91;;01-01-2011
Ysbrechtum;2864;;01-01-2011;Súdwest Fryslân;1900;01-01-2011;
Ysbrechtum;3507;01-01-2011;;Súdwest Fryslân;1900;;
Ysselsteyn;2338;;;Venray;984;;
Zaamslag;1139;;;Terneuzen;715;;
Zaandam;1884;;;Zaanstad;479;;
Zaandijk;1885;;;Zaanstad;479;;
Zalk;2897;;;Kampen;166;;
Zaltbommel;2636;;;Zaltbommel;297;;
Zandberg;1803;;;Borger-Odoorn;1681;;
Zandeweer;3487;;;Eemsmond;1651;;
Zandhuizen;1745;;;Weststellingwerf;98;;
Zandpol;2001;;;Emmen;114;;
Zandvoort;1305;;;Zandvoort;473;;
Zeddam;2213;;;Montferland;1955;;
Zeegse;2922;;;Tynaarlo;1730
Zeeland;1850;;;Landerd;1685
Zeerijp;3459;;;Loppersum;24
Zeewolde;1075;;;Zeewolde;50
Zegge;2585;;;Rucphen;840
Zegveld;1074;;;Woerden;632
Zeijen;2923;;;Tynaarlo;1730
Zeijerveen;2396;;;Assen;106
Zeijerveld;2397;;;Assen;106
Zeist;2821;;;Zeist;355
Zelhem;1524;;;Bronckhorst;1876
Zenderen;2051;;;Borne;147
Zennewijnen;2558;;;Tiel;281
Zennewijnen;3369;;;Neerijnen;304
Zetten;1873;;;Overbetuwe;1734
Zevenaar;1297;;;Zevenaar;299
Zevenbergen;1323;;;Moerdijk;1709;;
Zevenbergschen Hoek;1327;;;Moerdijk;1709;;
Zevenbergschen Hoek;2580;;;Drimmelen;1719;;
Zevenhoven;2671;;;Nieuwkoop;569;;
Zevenhuizen;1213;;;Zuidplas;1892;;
Zevenhuizen;2346;;;Leek;22;;
Zierikzee;2689;;;Schouwen-Duiveland;1676;;
Zieuwent;2229;;;Oost Gelre;1586;;
Zijderveld;2844;;;Vianen;620;;
Zijdewind;2522;;;Niedorp;412;;01-01-2012
Zijdewind;2522;;;Hollands Kroon;1911;01-01-2012;
Zijldijk;3460;;;Loppersum;24;;
Zoelen;3384;;;Buren;214;;
Zoelmond;3385;;;Buren;214;;
Zoetermeer;2293;;;Zoetermeer;637;;
Zoeterwoude;2644;;;Zoeterwoude;638;;
Zonnemaire;2690;;;Schouwen-Duiveland;1676
Zorgvlied;3129;;;Westerveld;1701
Zoutelande;2786;;;Veere;717
Zoutkamp;3430;;;De Marne;1663
Zuid-Beijerland;2889;;;Korendijk;588
Zuidbroek;2280;;;Menterwolde;1987
Zuiddorpe;1140;;;Terneuzen;715
Zuidermeer;1192;;;Koggenland;1598
Zuiderwoude;1948;;;Waterland;852
Zuidhorn;2128;;;Zuidhorn;56
Zuidlaarderveen;2925;;;Tynaarlo;1730
Zuidland;1390;;;Bernisse;568
Zuidlaren;2913;;;Tynaarlo;1730
Zuidoostbeemster;2173;;;Beemster;370
Zuid-Scharwoude;1117;;;Langedijk;416
Zuidschermer;1892;;;Schermer;458
Zuidveen;2721;;;Steenwijkerland;1708;;
Zuidveld;3028;;;Midden-Drenthe;1731;;
Zuidvelde;1653;;;Noordenveld;1699;;
Zuidwolde;2832;;;Bedum;5;;
Zuidwolde;3172;;;De Wolden;1690;;
Zuidzande;2972;;;Sluis;1714;;
Zuilichem;2637;;;Zaltbommel;297;;
Zuna;1091;;;Wierden;189;;
Zundert;3489;;;Zundert;879;;
Zurich;2327;;;Wûnseradiel;710;;01-01-2011
Zurich;2327;;;Súdwest Fryslân;1900;01-01-2011;
Zutphen;1395;;;Zutphen;301;;
Zuurdijk;3431;;;De Marne;1663;;
Zwaag;2463;;;Hoorn;405;;
Zwaagdijk;1107;;;Medemblik;420;01-01-2011;
Zwaagdijk;1107;;;Wervershoof;459;;01-01-2011
Zwaagdijk;3159;;;Medemblik;420
Zwaanshoek;1611;;;Haarlemmermeer;394
Zwagerbosch;3318;;;Kollumerland en Nieuwkruisland;79
Zwammerdam;1081;;;Alphen aan den Rijn;484
Zwanenburg;1614;;;Haarlemmermeer;394
Zwartebroek;1060;;;Barneveld;203
Zwartemeer;2002;;;Emmen;114
Zwartewaal;2370;;;Brielle;501
Zwartsluis;2201;;;Zwartewaterland;1896
Zweeloo;2168;;;Coevorden;109
Zweins;1367;;;Franekeradeel;70
Zwiggelte;3029;;;Midden-Drenthe;1731
Zwijndrecht;2399;;;Zwijndrecht;642
Zwinderen;2169;;;Coevorden;109
Zwolle;1182;;;Zwolle;193
